fecha,Precio Apertura,Precio Mayor,Precio Menor,Precio Cierre,Volumen
2013-01-02,5440.0,5460.0,5330.0,5450.0,24550930000.0
2013-01-03,5530.0,5490.0,5420.0,5490.0,11724332000.0
2013-01-04,5550.0,5520.0,5440.0,5520.0,16882987000.0
2013-01-08,5340.0,5510.0,5430.0,5430.0,18881554000.0
2013-01-09,5470.0,5450.0,5420.0,5450.0,15444675000.0
2013-01-10,5470.0,5470.0,5440.0,5460.0,23905356000.0
2013-01-11,5440.0,5470.0,5440.0,5450.0,21353413000.0
2013-01-14,5470.0,5470.0,5440.0,5460.0,12074639000.0
2013-01-15,5420.0,5460.0,5430.0,5440.0,28375263000.0
2013-01-16,5460.0,5460.0,5430.0,5450.0,41805263000.0
2013-01-17,5430.0,5470.0,5430.0,5440.0,25687325000.0
2013-01-18,5540.0,5490.0,5430.0,5490.0,42596990000.0
2013-01-21,5510.0,5500.0,5470.0,5500.0,6739207000.0
2013-01-22,5460.0,5500.0,5460.0,5480.0,22658953000.0
2013-01-23,5640.0,5560.0,5500.0,5560.0,53431430000.0
2013-01-24,5620.0,5610.0,5540.0,5590.0,56008210000.0
2013-01-25,5610.0,5630.0,5590.0,5600.0,27255450000.0
2013-01-28,5600.0,5610.0,5560.0,5600.0,27993766000.0
2013-01-29,5680.0,5640.0,5570.0,5640.0,24911626000.0
2013-01-30,5600.0,5630.0,5610.0,5620.0,21574676000.0
2013-01-31,5680.0,5650.0,5600.0,5650.0,62049935000.0
2013-02-01,5650.0,5670.0,5600.0,5650.0,37638517000.0
2013-02-04,5750.0,5700.0,5610.0,5700.0,18544069000.0
2013-02-05,5720.0,5740.0,5680.0,5710.0,61364486000.0
2013-02-06,5490.0,5710.0,5590.0,5600.0,76137505000.0
2013-02-07,5420.0,5620.0,5510.0,5510.0,44897950000.0
2013-02-08,5490.0,5510.0,5450.0,5500.0,50453130000.0
2013-02-11,5380.0,5480.0,5440.0,5440.0,21245454000.0
2013-02-12,5400.0,5510.0,5420.0,5420.0,30910180000.0
2013-02-13,5440.0,5460.0,5400.0,5430.0,30138968000.0
2013-02-14,5470.0,5450.0,5400.0,5450.0,17128735000.0
2013-02-15,5370.0,5460.0,5410.0,5410.0,14981678000.0
2013-02-18,5410.0,5420.0,5370.0,5410.0,23847262000.0
2013-02-19,5030.0,5380.0,5190.0,5220.0,115709770000.0
2013-02-20,5160.0,5220.0,5140.0,5190.0,65940333000.0
2013-02-21,5270.0,5230.0,5120.0,5230.0,69185510000.0
2013-02-22,5250.0,5280.0,5230.0,5240.0,41190683000.0
2013-02-25,5300.0,5380.0,5270.0,5270.0,71927330000.0
2013-02-26,5170.0,5290.0,5200.0,5220.0,41010074000.0
2013-02-27,5240.0,5270.0,5220.0,5230.0,24822315000.0
2013-02-28,5190.0,5250.0,5210.0,5210.0,30874907000.0
2013-03-01,5190.0,5220.0,5180.0,5200.0,21755718000.0
2013-03-04,5100.0,5220.0,5150.0,5150.0,24502665000.0
2013-03-05,5090.0,5180.0,5110.0,5120.0,41665870000.0
2013-03-06,5060.0,5140.0,5080.0,5090.0,41097236000.0
2013-03-07,5030.0,5100.0,5050.0,5060.0,35242123000.0
2013-03-08,5220.0,5140.0,5030.0,5140.0,38224667000.0
2013-03-11,5140.0,5170.0,5050.0,5140.0,42385535000.0
2013-03-12,5080.0,5190.0,5100.0,5110.0,27544703000.0
2013-03-13,5090.0,5120.0,5080.0,5100.0,34744926000.0
2013-03-14,5100.0,5130.0,5090.0,5100.0,17205778000.0
2013-03-15,5100.0,5100.0,5050.0,5100.0,35700610000.0
2013-03-18,4820.0,5080.0,4935.0,4960.0,70321300000.0
2013-03-19,4830.0,4960.0,4895.0,4895.0,49818140000.0
2013-03-20,4905.0,4955.0,4895.0,4900.0,25056120000.0
2013-03-21,5010.0,5050.0,4925.0,4955.0,94302610000.0
2013-03-22,5105.0,5050.0,5000.0,5030.0,24531446000.0
2013-03-26,5110.0,5090.0,5030.0,5070.0,19312462000.0
2013-03-27,5030.0,5070.0,5030.0,5050.0,20119937000.0
2013-04-01,4910.0,5030.0,4955.0,4980.0,19845388000.0
2013-04-02,4970.0,5000.0,4960.0,4975.0,20189952000.0
2013-04-03,4825.0,4995.0,4880.0,4900.0,48914784000.0
2013-04-04,4970.0,4950.0,4900.0,4935.0,46602965000.0
2013-04-05,5105.0,5020.0,4900.0,5020.0,33969840000.0
2013-04-08,4850.0,5050.0,4935.0,4935.0,49303134000.0
2013-04-09,4305.0,4885.0,4610.0,4620.0,61306683000.0
2013-04-10,4430.0,4650.0,4525.0,4525.0,47125240000.0
2013-04-11,4575.0,4570.0,4480.0,4550.0,72628810000.0
2013-04-12,4350.0,4560.0,4450.0,4450.0,49400447000.0
2013-04-15,4000.0,4450.0,4225.0,4225.0,51970860000.0
2013-04-16,4565.0,4395.0,4240.0,4395.0,67140723000.0
2013-04-17,4265.0,4460.0,4305.0,4330.0,83143590000.0
2013-04-18,4290.0,4385.0,4265.0,4310.0,47181218000.0
2013-04-19,4380.0,4355.0,4275.0,4345.0,40682488000.0
2013-04-22,4375.0,4380.0,4335.0,4360.0,40654918000.0
2013-04-23,4390.0,4415.0,4370.0,4375.0,63684220000.0
2013-04-24,4445.0,4450.0,4375.0,4410.0,52190925000.0
2013-04-25,4400.0,4425.0,4390.0,4405.0,22951620000.0
2013-04-26,4265.0,4405.0,4325.0,4335.0,30443129000.0
2013-04-29,4345.0,4340.0,4285.0,4340.0,24096078000.0
2013-04-30,4440.0,4390.0,4330.0,4390.0,116243570000.0
2013-05-02,4190.0,4380.0,4275.0,4290.0,20999225000.0
2013-05-03,4350.0,4345.0,4305.0,4320.0,16323788000.0
2013-05-06,4040.0,4275.0,4080.0,4180.0,65204910000.0
2013-05-07,4220.0,4240.0,4170.0,4200.0,34690530000.0
2013-05-08,4200.0,4220.0,4170.0,4200.0,21723255000.0
2013-05-09,4160.0,4215.0,4180.0,4180.0,18830164000.0
2013-05-10,4090.0,4180.0,4115.0,4135.0,17411826000.0
2013-05-14,4115.0,4145.0,4115.0,4125.0,15406414000.0
2013-05-15,4155.0,4170.0,4105.0,4140.0,28440875000.0
2013-05-16,4110.0,4150.0,4120.0,4125.0,22133586000.0
2013-05-17,4025.0,4140.0,4070.0,4075.0,20484780000.0
2013-05-20,3915.0,4075.0,3985.0,3995.0,28284013000.0
2013-05-21,4005.0,4005.0,3905.0,4000.0,44828530000.0
2013-05-22,4030.0,4075.0,4000.0,4015.0,65115038000.0
2013-05-23,4255.0,4135.0,3975.0,4135.0,46450553000.0
2013-05-24,4175.0,4180.0,4100.0,4155.0,68124820000.0
2013-05-27,4185.0,4200.0,4150.0,4170.0,12331140000.0
2013-05-28,4210.0,4235.0,4185.0,4190.0,69713000000.0
2013-05-29,4200.0,4220.0,4170.0,4195.0,25248846000.0
2013-05-30,4215.0,4230.0,4185.0,4205.0,35909968000.0
2013-05-31,3955.0,4265.0,4080.0,4080.0,56693830000.0
2013-06-04,4160.0,4130.0,4065.0,4120.0,33638152000.0
2013-06-05,4100.0,4115.0,4095.0,4110.0,19256644000.0
2013-06-06,4060.0,4110.0,4080.0,4085.0,19434725000.0
2013-06-07,4185.0,4135.0,4090.0,4135.0,22951358000.0
2013-06-11,3985.0,4115.0,4060.0,4060.0,32390963000.0
2013-06-12,3850.0,4080.0,3930.0,3955.0,32874066000.0
2013-06-13,3995.0,4005.0,3935.0,3975.0,46553760000.0
2013-06-14,4025.0,4000.0,3945.0,4000.0,21689682000.0
2013-06-17,4170.0,4105.0,4000.0,4085.0,28737450000.0
2013-06-18,4275.0,4180.0,4100.0,4180.0,35795382000.0
2013-06-19,4060.0,4170.0,4095.0,4120.0,30193832000.0
2013-06-20,3800.0,4080.0,3950.0,3960.0,52387475000.0
2013-06-21,3990.0,4010.0,3940.0,3975.0,31497107000.0
2013-06-24,3725.0,3970.0,3850.0,3850.0,29826503000.0
2013-06-25,3850.0,3920.0,3845.0,3850.0,23942042000.0
2013-06-26,3920.0,3905.0,3865.0,3885.0,17979802000.0
2013-06-27,3915.0,3920.0,3880.0,3900.0,11310845000.0
2013-06-28,4260.0,4080.0,3895.0,4080.0,44493730000.0
2013-07-02,4080.0,4135.0,4065.0,4080.0,38831116000.0
2013-07-03,4010.0,4065.0,3995.0,4045.0,28405311000.0
2013-07-04,4155.0,4100.0,4045.0,4100.0,5813779000.0
2013-07-05,3970.0,4100.0,4000.0,4035.0,15195484000.0
2013-07-08,3985.0,4070.0,4010.0,4010.0,10534401000.0
2013-07-09,3900.0,4030.0,3935.0,3955.0,21783669000.0
2013-07-10,3795.0,3950.0,3875.0,3875.0,20870881000.0
2013-07-11,4225.0,4070.0,3880.0,4050.0,33150070000.0
2013-07-12,4070.0,4080.0,4010.0,4060.0,32078496000.0
2013-07-15,4220.0,4160.0,4040.0,4140.0,39144720000.0
2013-07-16,4180.0,4190.0,4095.0,4160.0,34786845000.0
2013-07-17,4310.0,4235.0,4165.0,4235.0,54639116000.0
2013-07-18,4355.0,4300.0,4215.0,4295.0,43521556000.0
2013-07-19,4365.0,4380.0,4275.0,4330.0,43656188000.0
2013-07-22,4310.0,4360.0,4300.0,4320.0,16380035000.0
2013-07-23,4460.0,4390.0,4300.0,4390.0,29738015000.0
2013-07-24,4380.0,4410.0,4370.0,4385.0,33219720000.0
2013-07-25,4295.0,4380.0,4330.0,4340.0,18848231000.0
2013-07-26,4310.0,4340.0,4280.0,4325.0,23228436000.0
2013-07-29,4275.0,4330.0,4300.0,4300.0,5126616000.0
2013-07-30,4310.0,4320.0,4280.0,4305.0,11872559000.0
2013-07-31,4365.0,4335.0,4270.0,4335.0,36369460000.0
2013-08-01,4365.0,4365.0,4200.0,4350.0,35507585000.0
2013-08-02,4310.0,4350.0,4325.0,4330.0,42603282000.0
2013-08-05,4360.0,4345.0,4310.0,4345.0,7445019600.0
2013-08-06,4565.0,4470.0,4330.0,4455.0,51595290000.0
2013-08-08,4185.0,4450.0,4320.0,4320.0,87385670000.0
2013-08-09,4360.0,4380.0,4315.0,4340.0,21411717000.0
2013-08-12,4330.0,4350.0,4320.0,4335.0,33169609000.0
2013-08-13,4345.0,4340.0,4300.0,4340.0,20067019000.0
2013-08-14,4370.0,4375.0,4320.0,4355.0,29305686000.0
2013-08-15,4335.0,4350.0,4310.0,4345.0,14343344000.0
2013-08-16,4395.0,4370.0,4330.0,4370.0,13193232000.0
2013-08-20,4410.0,4405.0,4325.0,4390.0,23924167000.0
2013-08-21,4330.0,4440.0,4355.0,4360.0,18393460000.0
2013-08-22,4360.0,4395.0,4340.0,4360.0,12620260000.0
2013-08-23,4340.0,4365.0,4340.0,4350.0,7785536500.0
2013-08-26,4360.0,4375.0,4340.0,4355.0,17315308000.0
2013-08-27,4385.0,4385.0,4340.0,4370.0,20380754000.0
2013-08-28,4560.0,4470.0,4370.0,4465.0,62693016000.0
2013-08-29,4305.0,4500.0,4385.0,4385.0,34111816000.0
2013-08-30,4285.0,4400.0,4335.0,4335.0,27908460000.0
2013-09-02,4375.0,4355.0,4330.0,4355.0,6598445600.0
2013-09-03,4345.0,4415.0,4350.0,4350.0,59929768000.0
2013-09-04,4440.0,4410.0,4350.0,4395.0,20832598000.0
2013-09-05,4435.0,4445.0,4390.0,4415.0,26618130000.0
2013-09-06,4365.0,4420.0,4385.0,4390.0,17143691000.0
2013-09-09,4460.0,4435.0,4400.0,4425.0,13965609000.0
2013-09-10,4565.0,4495.0,4420.0,4495.0,32130435000.0
2013-09-11,4495.0,4525.0,4470.0,4495.0,48292960000.0
2013-09-12,4485.0,4495.0,4465.0,4490.0,14415327000.0
2013-09-13,4410.0,4475.0,4430.0,4450.0,20422287000.0
2013-09-16,4420.0,4470.0,4425.0,4435.0,11267628000.0
2013-09-17,4455.0,4445.0,4390.0,4445.0,19980542000.0
2013-09-18,4535.0,4490.0,4400.0,4490.0,20290992000.0
2013-09-19,4360.0,4515.0,4425.0,4425.0,33887270000.0
2013-09-20,4455.0,4465.0,4420.0,4440.0,20937325000.0
2013-09-23,4490.0,4465.0,4430.0,4465.0,15335700000.0
2013-09-24,4455.0,4460.0,4440.0,4460.0,18970430000.0
2013-09-25,4430.0,4460.0,4445.0,4445.0,17014115000.0
2013-09-26,4425.0,4445.0,4420.0,4435.0,10475668000.0
2013-09-27,4415.0,4440.0,4405.0,4425.0,12759631000.0
2013-09-30,4335.0,4410.0,4365.0,4380.0,17931119000.0
2013-10-01,4370.0,4395.0,4330.0,4375.0,22920407000.0
2013-10-02,4305.0,4380.0,4330.0,4340.0,13852233000.0
2013-10-03,4330.0,4345.0,4330.0,4335.0,9284961000.0
2013-10-04,4315.0,4350.0,4325.0,4325.0,14111892000.0
2013-10-07,4355.0,4350.0,4315.0,4340.0,13816021000.0
2013-10-08,4370.0,4360.0,4330.0,4355.0,13773984000.0
2013-10-09,4285.0,4355.0,4320.0,4320.0,8865621000.0
2013-10-10,4400.0,4360.0,4315.0,4360.0,19312394000.0
2013-10-11,4410.0,4415.0,4340.0,4385.0,33426060000.0
2013-10-15,4535.0,4465.0,4400.0,4460.0,38578463000.0
2013-10-16,4570.0,4530.0,4460.0,4515.0,64511087000.0
2013-10-17,4515.0,4540.0,4500.0,4515.0,27252670000.0
2013-10-18,4625.0,4570.0,4510.0,4570.0,30906910000.0
2013-10-21,4560.0,4610.0,4555.0,4565.0,31106144000.0
2013-10-22,4505.0,4580.0,4530.0,4535.0,27523584000.0
2013-10-23,4545.0,4540.0,4490.0,4540.0,27874742000.0
2013-10-24,4640.0,4590.0,4540.0,4590.0,15207914000.0
2013-10-25,4590.0,4600.0,4565.0,4590.0,17944461000.0
2013-10-28,4520.0,4585.0,4545.0,4555.0,10124755000.0
2013-10-29,4555.0,4570.0,4535.0,4555.0,13629034000.0
2013-10-30,4385.0,4560.0,4465.0,4470.0,21672570000.0
2013-10-31,4530.0,4550.0,4485.0,4500.0,29297890000.0
2013-11-01,4440.0,4510.0,4470.0,4470.0,14014135000.0
2013-11-05,4350.0,4475.0,4410.0,4410.0,8516783000.0
2013-11-06,4570.0,4490.0,4405.0,4490.0,15171045000.0
2013-11-07,4340.0,4475.0,4415.0,4415.0,18773672000.0
2013-11-08,4055.0,4415.0,4200.0,4235.0,32594030000.0
2013-11-12,3825.0,4200.0,3985.0,4030.0,66988093000.0
2013-11-13,4320.0,4180.0,4060.0,4175.0,38605455000.0
2013-11-14,4125.0,4215.0,4150.0,4150.0,27455932000.0
2013-11-15,4070.0,4175.0,4080.0,4110.0,17653012000.0
2013-11-18,4030.0,4110.0,4055.0,4070.0,18605545000.0
2013-11-19,4030.0,4090.0,4015.0,4050.0,16207879000.0
2013-11-20,4060.0,4085.0,4050.0,4055.0,21529387000.0
2013-11-21,4015.0,4080.0,4035.0,4035.0,19608880000.0
2013-11-22,4055.0,4060.0,4020.0,4045.0,10387342000.0
2013-11-25,3915.0,4050.0,3980.0,3980.0,22651687000.0
2013-11-26,3870.0,3980.0,3905.0,3925.0,32525652000.0
2013-11-27,3885.0,3935.0,3880.0,3905.0,30806452000.0
2013-11-28,3965.0,3940.0,3905.0,3935.0,5059515400.0
2013-11-29,3935.0,3965.0,3930.0,3935.0,20321507000.0
2013-12-02,4135.0,4035.0,3935.0,4035.0,19906787000.0
2013-12-03,4015.0,4080.0,4005.0,4025.0,33549496000.0
2013-12-04,3925.0,4035.0,3970.0,3975.0,33728025000.0
2013-12-05,4085.0,4080.0,4025.0,4030.0,29122292000.0
2013-12-06,4170.0,4125.0,4045.0,4100.0,29236398000.0
2013-12-09,4220.0,4190.0,4100.0,4160.0,51688423000.0
2013-12-10,4110.0,4170.0,4120.0,4135.0,18935054000.0
2013-12-11,4175.0,4165.0,4130.0,4155.0,12989102000.0
2013-12-12,4135.0,4170.0,4125.0,4145.0,19809620000.0
2013-12-13,4115.0,4150.0,4125.0,4130.0,14705708000.0
2013-12-16,3600.0,4130.0,3865.0,3865.0,106896460000.0
2013-12-17,3885.0,3915.0,3830.0,3875.0,42371887000.0
2013-12-18,3535.0,3885.0,3660.0,3705.0,78055070000.0
2013-12-19,3685.0,3750.0,3675.0,3695.0,28669192000.0
2013-12-20,3885.0,3810.0,3715.0,3790.0,54288417000.0
2013-12-23,3680.0,3805.0,3735.0,3735.0,24542499000.0
2013-12-24,3865.0,3800.0,3740.0,3800.0,7308593000.0
2013-12-26,3670.0,3795.0,3735.0,3735.0,6274112000.0
2013-12-27,3745.0,3765.0,3730.0,3740.0,5416939000.0
2013-12-30,3660.0,3770.0,3680.0,3700.0,9062724000.0
2014-01-02,3700.0,3715.0,3665.0,3700.0,5416798700.0
2014-01-03,3600.0,3700.0,3650.0,3650.0,12943521000.0
2014-01-07,3450.0,3660.0,3550.0,3550.0,34599800000.0
2014-01-08,3380.0,3565.0,3410.0,3465.0,27920734000.0
2014-01-09,3425.0,3495.0,3420.0,3445.0,17082650000.0
2014-01-10,3385.0,3450.0,3400.0,3415.0,19872625000.0
2014-01-13,3415.0,3430.0,3400.0,3415.0,19625837000.0
2014-01-14,3435.0,3440.0,3420.0,3425.0,19453456000.0
2014-01-15,3545.0,3485.0,3440.0,3485.0,71640720000.0
2014-01-16,3395.0,3500.0,3330.0,3440.0,52404187000.0
2014-01-17,3530.0,3510.0,3450.0,3485.0,44291342000.0
2014-01-20,3495.0,3550.0,3480.0,3490.0,26544410000.0
2014-01-21,3470.0,3520.0,3440.0,3480.0,23608756000.0
2014-01-22,3560.0,3530.0,3470.0,3520.0,25298506000.0
2014-01-23,3420.0,3550.0,3470.0,3470.0,42241843000.0
2014-01-24,3310.0,3485.0,3380.0,3390.0,17822994000.0
2014-01-27,3460.0,3480.0,3400.0,3425.0,39712432000.0
2014-01-28,3485.0,3490.0,3435.0,3455.0,26076193000.0
2014-01-29,3355.0,3480.0,3405.0,3405.0,13876698000.0
2014-01-30,3615.0,3520.0,3405.0,3510.0,26899366000.0
2014-01-31,3530.0,3520.0,3460.0,3520.0,39422894000.0
2014-02-03,3440.0,3520.0,3480.0,3480.0,12748385000.0
2014-02-04,3480.0,3500.0,3480.0,3480.0,18720480000.0
2014-02-05,3640.0,3560.0,3480.0,3560.0,21021321000.0
2014-02-06,3680.0,3655.0,3580.0,3620.0,77842960000.0
2014-02-07,3560.0,3660.0,3565.0,3590.0,31321356000.0
2014-02-10,3490.0,3635.0,3520.0,3540.0,16854070000.0
2014-02-11,3640.0,3645.0,3545.0,3590.0,34967544000.0
2014-02-12,3810.0,3700.0,3580.0,3700.0,52826395000.0
2014-02-13,3640.0,3700.0,3660.0,3670.0,11280819000.0
2014-02-14,3640.0,3690.0,3650.0,3655.0,18109454000.0
2014-02-17,3595.0,3660.0,3620.0,3625.0,3807284200.0
2014-02-18,3765.0,3715.0,3650.0,3695.0,24737622000.0
2014-02-19,3845.0,3770.0,3690.0,3770.0,67750093000.0
2014-02-20,3590.0,3770.0,3665.0,3680.0,33876527000.0
2014-02-21,3540.0,3680.0,3605.0,3610.0,23637901000.0
2014-02-24,3660.0,3640.0,3605.0,3635.0,10994870000.0
2014-02-25,3445.0,3615.0,3540.0,3540.0,17759780000.0
2014-02-26,3320.0,3540.0,3410.0,3430.0,69276680000.0
2014-02-27,3450.0,3460.0,3395.0,3440.0,17050717000.0
2014-02-28,3560.0,3530.0,3440.0,3500.0,32763683000.0
2014-03-03,3360.0,3525.0,3430.0,3430.0,13950135000.0
2014-03-04,3590.0,3510.0,3440.0,3510.0,13950335000.0
2014-03-05,3660.0,3600.0,3475.0,3585.0,21450852000.0
2014-03-06,3715.0,3650.0,3560.0,3650.0,33289310000.0
2014-03-07,3610.0,3690.0,3610.0,3630.0,31212466000.0
2014-03-10,3580.0,3630.0,3590.0,3605.0,13221036000.0
2014-03-11,3665.0,3635.0,3590.0,3635.0,14079261000.0
2014-03-12,3615.0,3665.0,3620.0,3625.0,24750369000.0
2014-03-13,3645.0,3685.0,3620.0,3635.0,14114216000.0
2014-03-14,3565.0,3655.0,3600.0,3600.0,14632183000.0
2014-03-17,3610.0,3625.0,3600.0,3605.0,12401410000.0
2014-03-18,3645.0,3645.0,3595.0,3625.0,13735796000.0
2014-03-19,3725.0,3710.0,3625.0,3675.0,29859582000.0
2014-03-20,3725.0,3710.0,3665.0,3700.0,28428863000.0
2014-03-21,3740.0,3755.0,3700.0,3720.0,23170267000.0
2014-03-25,3930.0,3825.0,3750.0,3825.0,43486360000.0
2014-03-26,3835.0,3860.0,3805.0,3830.0,33368783000.0
2014-03-27,3990.0,3910.0,3825.0,3910.0,52512330000.0
2014-03-28,4040.0,3990.0,3915.0,3975.0,38344800000.0
2014-03-31,4085.0,4030.0,3960.0,4030.0,43181863000.0
2014-04-01,3970.0,4040.0,3965.0,4000.0,34046368000.0
2014-04-02,4060.0,4035.0,3985.0,4030.0,53723365000.0
2014-04-03,4020.0,4060.0,4015.0,4025.0,28075444000.0
2014-04-04,3915.0,4045.0,3970.0,3970.0,32440357000.0
2014-04-07,3920.0,4000.0,3925.0,3945.0,57267520000.0
2014-04-08,3805.0,3935.0,3875.0,3875.0,23814881000.0
2014-04-09,3925.0,3900.0,3805.0,3900.0,57297957000.0
2014-04-10,3990.0,3945.0,3900.0,3945.0,40115260000.0
2014-04-11,3905.0,3940.0,3905.0,3925.0,13871986000.0
2014-04-14,3975.0,3985.0,3930.0,3950.0,24174662000.0
2014-04-15,3970.0,3970.0,3890.0,3960.0,31400070000.0
2014-04-16,3810.0,3955.0,3860.0,3885.0,28292227000.0
2014-04-21,3775.0,3885.0,3820.0,3830.0,31276091000.0
2014-04-22,3330.0,3800.0,3580.0,3580.0,50708870000.0
2014-04-23,3440.0,3575.0,3510.0,3510.0,26475200000.0
2014-04-24,3490.0,3535.0,3495.0,3500.0,12115286000.0
2014-04-25,3590.0,3580.0,3500.0,3545.0,20332750000.0
2014-04-28,3355.0,3555.0,3445.0,3450.0,39195034000.0
2014-04-29,3550.0,3510.0,3450.0,3500.0,22192388000.0
2014-04-30,3710.0,3605.0,3455.0,3605.0,81119280000.0
2014-05-02,3505.0,3605.0,3515.0,3555.0,13427396000.0
2014-05-05,3405.0,3565.0,3445.0,3480.0,22695723000.0
2014-05-06,3480.0,3480.0,3415.0,3480.0,23156138000.0
2014-05-07,3550.0,3555.0,3475.0,3515.0,31518249000.0
2014-05-08,3515.0,3545.0,3480.0,3515.0,16829304000.0
2014-05-09,3535.0,3570.0,3520.0,3525.0,10329747000.0
2014-05-12,3525.0,3540.0,3490.0,3525.0,10540876000.0
2014-05-13,3525.0,3525.0,3480.0,3525.0,14135607000.0
2014-05-14,3615.0,3570.0,3510.0,3570.0,23527664000.0
2014-05-15,3620.0,3610.0,3560.0,3595.0,48058495000.0
2014-05-16,3625.0,3610.0,3585.0,3610.0,26194990000.0
2014-05-19,3650.0,3640.0,3590.0,3630.0,17554473000.0
2014-05-20,3510.0,3655.0,3565.0,3570.0,43110860000.0
2014-05-21,3680.0,3625.0,3550.0,3625.0,16890622000.0
2014-05-22,3485.0,3610.0,3550.0,3555.0,14364250000.0
2014-05-23,3475.0,3565.0,3495.0,3515.0,27306248000.0
2014-05-26,3515.0,3520.0,3505.0,3515.0,5993224700.0
2014-05-27,3465.0,3540.0,3485.0,3490.0,26255800000.0
2014-05-28,3420.0,3495.0,3455.0,3455.0,16615946000.0
2014-05-29,3545.0,3510.0,3455.0,3500.0,17383617000.0
2014-05-30,3360.0,3495.0,3430.0,3430.0,36040962000.0
2014-06-03,3550.0,3495.0,3445.0,3490.0,19348711000.0
2014-06-04,3470.0,3495.0,3470.0,3480.0,8173074000.0
2014-06-05,3560.0,3520.0,3490.0,3520.0,16920532000.0
2014-06-06,3480.0,3520.0,3495.0,3500.0,13348236000.0
2014-06-09,3520.0,3515.0,3490.0,3510.0,11075864000.0
2014-06-10,3790.0,3650.0,3510.0,3650.0,52403670000.0
2014-06-11,3640.0,3670.0,3570.0,3645.0,75747480000.0
2014-06-12,3585.0,3660.0,3605.0,3615.0,13119280000.0
2014-06-13,3675.0,3655.0,3615.0,3645.0,24816570000.0
2014-06-16,3645.0,3650.0,3620.0,3645.0,14672328000.0
2014-06-17,3395.0,3640.0,3460.0,3520.0,60097740000.0
2014-06-18,3500.0,3535.0,3475.0,3510.0,36028370000.0
2014-06-19,3440.0,3510.0,3465.0,3475.0,15830962000.0
2014-06-20,3485.0,3510.0,3465.0,3480.0,38872605000.0
2014-06-24,3490.0,3510.0,3485.0,3485.0,16493901000.0
2014-06-25,3495.0,3490.0,3460.0,3490.0,10975838000.0
2014-06-26,3370.0,3485.0,3415.0,3430.0,23324420000.0
2014-07-01,3330.0,3410.0,3360.0,3370.0,28983780000.0
2014-07-02,3310.0,3370.0,3305.0,3340.0,17699744000.0
2014-07-03,3360.0,3365.0,3320.0,3350.0,8172261400.0
2014-07-04,3290.0,3350.0,3320.0,3320.0,4093662200.0
2014-07-07,3370.0,3355.0,3320.0,3345.0,18644273000.0
2014-07-08,3115.0,3360.0,3220.0,3230.0,41444585000.0
2014-07-09,3090.0,3230.0,3125.0,3160.0,59145790000.0
2014-07-10,3220.0,3190.0,3100.0,3190.0,48299190000.0
2014-07-11,3310.0,3250.0,3160.0,3250.0,30916106000.0
2014-07-14,3120.0,3260.0,3150.0,3185.0,30790201000.0
2014-07-15,3265.0,3225.0,3175.0,3225.0,30120145000.0
2014-07-16,3405.0,3335.0,3210.0,3315.0,45470970000.0
2014-07-17,3305.0,3340.0,3255.0,3310.0,25122697000.0
2014-07-18,3300.0,3345.0,3285.0,3305.0,22471360000.0
2014-07-21,3295.0,3325.0,3300.0,3300.0,9908512000.0
2014-07-22,3300.0,3320.0,3280.0,3300.0,13452803000.0
2014-07-23,3240.0,3300.0,3260.0,3270.0,12143114000.0
2014-07-24,3160.0,3260.0,3180.0,3215.0,34117247000.0
2014-07-25,3265.0,3250.0,3215.0,3240.0,17924796000.0
2014-07-28,3300.0,3300.0,3250.0,3270.0,20432024000.0
2014-07-29,3130.0,3280.0,3185.0,3200.0,22653794000.0
2014-07-30,3220.0,3230.0,3175.0,3210.0,21354127000.0
2014-07-31,3150.0,3220.0,3180.0,3180.0,29749213000.0
2014-08-01,3080.0,3210.0,3120.0,3130.0,37027290000.0
2014-08-04,3250.0,3190.0,3130.0,3190.0,32294330000.0
2014-08-05,3320.0,3255.0,3175.0,3255.0,37830025000.0
2014-08-06,3295.0,3295.0,3230.0,3275.0,26360120000.0
2014-08-08,3215.0,3265.0,3230.0,3245.0,16827443000.0
2014-08-11,3255.0,3270.0,3230.0,3250.0,21206020000.0
2014-08-12,3070.0,3255.0,3160.0,3160.0,39500956000.0
2014-08-13,3230.0,3195.0,3105.0,3195.0,55886897000.0
2014-08-14,3025.0,3200.0,3090.0,3110.0,34099524000.0
2014-08-15,3160.0,3140.0,3110.0,3135.0,9766418000.0
2014-08-19,3205.0,3185.0,3145.0,3170.0,17357260000.0
2014-08-20,3310.0,3250.0,3185.0,3240.0,27373695000.0
2014-08-21,3270.0,3255.0,3210.0,3255.0,18908533000.0
2014-08-22,3125.0,3235.0,3180.0,3190.0,23366482000.0
2014-08-25,3240.0,3225.0,3185.0,3215.0,18034045000.0
2014-08-26,3335.0,3275.0,3210.0,3275.0,27778906000.0
2014-08-27,3385.0,3335.0,3260.0,3330.0,41152283000.0
2014-08-28,3280.0,3335.0,3305.0,3305.0,25862154000.0
2014-08-29,3345.0,3330.0,3305.0,3325.0,25738895000.0
2014-09-01,3345.0,3355.0,3320.0,3335.0,11891592000.0
2014-09-02,3395.0,3395.0,3330.0,3365.0,29249817000.0
2014-09-03,3395.0,3380.0,3360.0,3380.0,25672088000.0
2014-09-04,3350.0,3420.0,3360.0,3365.0,45013234000.0
2014-09-05,3365.0,3385.0,3355.0,3365.0,11156483000.0
2014-09-08,3305.0,3365.0,3320.0,3335.0,11425154000.0
2014-09-09,3415.0,3390.0,3315.0,3375.0,28946084000.0
2014-09-10,3375.0,3395.0,3360.0,3375.0,33743219000.0
2014-09-11,3355.0,3385.0,3350.0,3365.0,11739171000.0
2014-09-12,3325.0,3370.0,3340.0,3345.0,9370608000.0
2014-09-15,3355.0,3350.0,3330.0,3350.0,9347330000.0
2014-09-16,3360.0,3380.0,3335.0,3355.0,16302986000.0
2014-09-17,3365.0,3360.0,3335.0,3360.0,13553406000.0
2014-09-18,3320.0,3375.0,3335.0,3340.0,21778682000.0
2014-09-19,3380.0,3360.0,3285.0,3360.0,29655589000.0
2014-09-22,3200.0,3360.0,3280.0,3280.0,16583928000.0
2014-09-23,3210.0,3290.0,3220.0,3245.0,25297222000.0
2014-09-24,3215.0,3255.0,3220.0,3230.0,15498065000.0
2014-09-25,3170.0,3230.0,3185.0,3200.0,14733840000.0
2014-09-26,3220.0,3245.0,3190.0,3210.0,12353897000.0
2014-09-29,3200.0,3210.0,3185.0,3205.0,15378412000.0
2014-09-30,3125.0,3205.0,3165.0,3165.0,16592100000.0
2014-10-01,3115.0,3175.0,3120.0,3140.0,17378951000.0
2014-10-02,3090.0,3140.0,3100.0,3115.0,18881298000.0
2014-10-03,3105.0,3150.0,3105.0,3110.0,9240558000.0
2014-10-06,3090.0,3160.0,3095.0,3100.0,21917049000.0
2014-10-07,3040.0,3115.0,3050.0,3070.0,25197042000.0
2014-10-08,2910.0,3080.0,2930.0,2990.0,49789420000.0
2014-10-09,3070.0,3035.0,2965.0,3030.0,49598060000.0
2014-10-10,2810.0,3000.0,2920.0,2920.0,25144950000.0
2014-10-14,2970.0,3000.0,2915.0,2945.0,33212957000.0
2014-10-15,3005.0,2980.0,2900.0,2975.0,34127925000.0
2014-10-16,3125.0,3055.0,2935.0,3050.0,33848089000.0
2014-10-17,2970.0,3095.0,2995.0,3010.0,23745480000.0
2014-10-20,3010.0,3035.0,2995.0,3010.0,14853654000.0
2014-10-21,3090.0,3050.0,3010.0,3050.0,23893182000.0
2014-10-22,2810.0,3050.0,2930.0,2930.0,22968353000.0
2014-10-23,2960.0,2960.0,2910.0,2945.0,24193420000.0
2014-10-24,2935.0,2955.0,2915.0,2940.0,19802968000.0
2014-10-27,2750.0,2950.0,2835.0,2845.0,19159126000.0
2014-10-28,2825.0,2870.0,2780.0,2835.0,30585922000.0
2014-10-29,2885.0,2865.0,2810.0,2860.0,23003953000.0
2014-10-30,2780.0,2890.0,2800.0,2820.0,21560048000.0
2014-10-31,2680.0,2810.0,2730.0,2750.0,30309597000.0
2014-11-04,2510.0,2730.0,2625.0,2630.0,29728922000.0
2014-11-05,2720.0,2680.0,2555.0,2675.0,63961350000.0
2014-11-06,2675.0,2735.0,2640.0,2675.0,35858735000.0
2014-11-07,2705.0,2720.0,2655.0,2690.0,27361882000.0
2014-11-10,2660.0,2730.0,2675.0,2675.0,16599520000.0
2014-11-11,2645.0,2680.0,2600.0,2660.0,37557800000.0
2014-11-12,2690.0,2710.0,2630.0,2675.0,31641532000.0
2014-11-13,2595.0,2675.0,2590.0,2635.0,26446041000.0
2014-11-14,2695.0,2670.0,2620.0,2665.0,32125848000.0
2014-11-18,2695.0,2695.0,2645.0,2680.0,17767460000.0
2014-11-19,2700.0,2715.0,2670.0,2690.0,30589917000.0
2014-11-20,2720.0,2730.0,2690.0,2705.0,32346081000.0
2014-11-21,2725.0,2760.0,2700.0,2715.0,47785345000.0
2014-11-24,2645.0,2715.0,2670.0,2680.0,12965861000.0
2014-11-25,2640.0,2690.0,2635.0,2660.0,25088578000.0
2014-11-26,2480.0,2660.0,2570.0,2570.0,15321756000.0
2014-11-27,2280.0,2555.0,2410.0,2425.0,15796995000.0
2014-11-28,2155.0,2475.0,2230.0,2290.0,20033970000.0
2014-12-01,2280.0,2310.0,2235.0,2285.0,18176786000.0
2014-12-02,2115.0,2310.0,2200.0,2200.0,28240499000.0
2014-12-03,2370.0,2300.0,2200.0,2285.0,27808109000.0
2014-12-04,2145.0,2275.0,2210.0,2215.0,17507496000.0
2014-12-05,2135.0,2220.0,2135.0,2175.0,15898258000.0
2014-12-09,1985.0,2080.0,2050.0,2080.0,11220205000.0
2014-12-10,1680.0,2075.0,1865.0,1880.0,25663780000.0
2014-12-11,1900.0,1915.0,1850.0,1890.0,32749195000.0
2014-12-12,1850.0,1895.0,1835.0,1870.0,15285172000.0
2014-12-15,1760.0,1880.0,1795.0,1815.0,16034173000.0
2014-12-16,1905.0,1940.0,1750.0,1860.0,20918985000.0
2014-12-17,1960.0,1990.0,1860.0,1910.0,30518250000.0
2014-12-18,1950.0,2085.0,1900.0,1930.0,30411440000.0
2014-12-19,2070.0,2000.0,1905.0,2000.0,21009963000.0
2014-12-22,2160.0,2080.0,1940.0,2080.0,22022461000.0
2014-12-23,2160.0,2130.0,2080.0,2120.0,32228240000.0
2014-12-24,2080.0,2130.0,2080.0,2100.0,13795454000.0
2014-12-26,2070.0,2095.0,2060.0,2085.0,6280590300.0
2014-12-29,2015.0,2100.0,2050.0,2050.0,4908493000.0
2014-12-30,2110.0,2080.0,2020.0,2080.0,18154602000.0
2015-01-02,1830.0,2075.0,1940.0,1955.0,9242226000.0
2015-01-05,1675.0,1935.0,1815.0,1815.0,18269230000.0
2015-01-06,1855.0,1850.0,1795.0,1835.0,11112580000.0
2015-01-07,1935.0,1910.0,1845.0,1885.0,14487732000.0
2015-01-08,2035.0,1960.0,1885.0,1960.0,16131203000.0
2015-01-09,1970.0,1965.0,1925.0,1965.0,14535885000.0
2015-01-13,1865.0,1940.0,1875.0,1915.0,17600446000.0
2015-01-14,1875.0,1920.0,1840.0,1895.0,28199217000.0
2015-01-15,1805.0,1930.0,1850.0,1850.0,31280163000.0
2015-01-16,1910.0,1885.0,1830.0,1880.0,19428342000.0
2015-01-19,1820.0,1890.0,1850.0,1850.0,2862449700.0
2015-01-20,1890.0,1885.0,1840.0,1870.0,9127282000.0
2015-01-21,1990.0,1930.0,1865.0,1930.0,17833507000.0
2015-01-22,1970.0,1970.0,1920.0,1950.0,26974580000.0
2015-01-23,2070.0,2010.0,1960.0,2010.0,25618401000.0
2015-01-26,2060.0,2040.0,1990.0,2035.0,19802235000.0
2015-01-27,2025.0,2040.0,2005.0,2030.0,21606600000.0
2015-01-28,1920.0,2045.0,1975.0,1975.0,25012802000.0
2015-01-29,1955.0,1990.0,1920.0,1965.0,20732630000.0
2015-01-30,1945.0,2015.0,1950.0,1955.0,49082986000.0
2015-02-02,2205.0,2080.0,1960.0,2080.0,35442225000.0
2015-02-03,2530.0,2335.0,2090.0,2305.0,60276613000.0
2015-02-04,2075.0,2265.0,2180.0,2190.0,41291070000.0
2015-02-05,2270.0,2250.0,2200.0,2230.0,72161255000.0
2015-02-06,2200.0,2285.0,2195.0,2215.0,28339350000.0
2015-02-09,2225.0,2235.0,2200.0,2220.0,19667272000.0
2015-02-10,1960.0,2205.0,2085.0,2090.0,38718927000.0
2015-02-11,2050.0,2070.0,1980.0,2070.0,41687912000.0
2015-02-12,2180.0,2160.0,2075.0,2125.0,41131913000.0
2015-02-13,2275.0,2220.0,2150.0,2200.0,28729838000.0
2015-02-16,2170.0,2220.0,2180.0,2185.0,1520695600.0
2015-02-17,2205.0,2200.0,2145.0,2195.0,41682727000.0
2015-02-18,2185.0,2230.0,2165.0,2190.0,13147365000.0
2015-02-19,2110.0,2160.0,2095.0,2150.0,22537753000.0
2015-02-20,2070.0,2180.0,2105.0,2110.0,10353431000.0
2015-02-23,2170.0,2155.0,2065.0,2140.0,22224998000.0
2015-02-24,2160.0,2175.0,2135.0,2150.0,13418445000.0
2015-02-25,2140.0,2150.0,2110.0,2145.0,15649942000.0
2015-02-26,2035.0,2125.0,2090.0,2090.0,15156487000.0
2015-02-27,2080.0,2115.0,2080.0,2085.0,14155003000.0
2015-03-02,1925.0,2095.0,2005.0,2005.0,11240010000.0
2015-03-03,1785.0,1985.0,1860.0,1895.0,33805072000.0
2015-03-04,1945.0,1920.0,1865.0,1920.0,12775010000.0
2015-03-05,1890.0,1935.0,1900.0,1905.0,13050306000.0
2015-03-06,1845.0,1910.0,1865.0,1875.0,12307468000.0
2015-03-09,1725.0,1875.0,1800.0,1800.0,13678149000.0
2015-03-10,1840.0,1825.0,1750.0,1820.0,37655245000.0
2015-03-11,1880.0,1850.0,1815.0,1850.0,21368265000.0
2015-03-12,1900.0,1875.0,1845.0,1875.0,15870031000.0
2015-03-13,1885.0,1880.0,1825.0,1880.0,16393851000.0
2015-03-16,1860.0,1900.0,1795.0,1870.0,13067790000.0
2015-03-17,1940.0,1925.0,1820.0,1905.0,28259668000.0
2015-03-18,1945.0,1945.0,1880.0,1925.0,28798280000.0
2015-03-19,1815.0,1930.0,1870.0,1870.0,17912224000.0
2015-03-20,2080.0,1975.0,1895.0,1975.0,76515180000.0
2015-03-24,1895.0,2005.0,1935.0,1935.0,13437776000.0
2015-03-25,1995.0,1980.0,1950.0,1965.0,34620440000.0
2015-03-26,2025.0,2005.0,1965.0,1995.0,29024657000.0
2015-03-27,1945.0,1995.0,1950.0,1970.0,24074633000.0
2015-03-30,1970.0,1990.0,1955.0,1970.0,6341097500.0
2015-03-31,1980.0,1985.0,1965.0,1975.0,14357522000.0
2015-04-01,2025.0,2010.0,1980.0,2000.0,15840003000.0
2015-04-06,2130.0,2080.0,1985.0,2065.0,29960440000.0
2015-04-07,2065.0,2080.0,2045.0,2065.0,57095844000.0
2015-04-08,1965.0,2065.0,2010.0,2015.0,27179014000.0
2015-04-09,2055.0,2045.0,2000.0,2035.0,9029590000.0
2015-04-10,2005.0,2050.0,2015.0,2020.0,7867550700.0
2015-04-13,2040.0,2040.0,2025.0,2030.0,21032595000.0
2015-04-14,2060.0,2055.0,2030.0,2045.0,23418130000.0
2015-04-15,2095.0,2105.0,2045.0,2070.0,51723903000.0
2015-04-16,2100.0,2110.0,2055.0,2085.0,19674800000.0
2015-04-17,2035.0,2085.0,2060.0,2060.0,10670852000.0
2015-04-20,1980.0,2085.0,2020.0,2020.0,7556868000.0
2015-04-21,1950.0,2020.0,1975.0,1985.0,11622486000.0
2015-04-22,2045.0,2025.0,1985.0,2015.0,17743034000.0
2015-04-23,2055.0,2050.0,2015.0,2035.0,17677048000.0
2015-04-24,2085.0,2075.0,2030.0,2060.0,19626076000.0
2015-04-27,2090.0,2090.0,2060.0,2075.0,14615888000.0
2015-04-28,2025.0,2075.0,2035.0,2050.0,17152877000.0
2015-04-29,2030.0,2070.0,2040.0,2040.0,6234701300.0
2015-04-30,2020.0,2060.0,2030.0,2030.0,12907729000.0
2015-05-04,2040.0,2050.0,2010.0,2035.0,9880649000.0
2015-05-05,2095.0,2090.0,2040.0,2065.0,19230646000.0
2015-05-06,2075.0,2105.0,2065.0,2070.0,33295315000.0
2015-05-07,1910.0,2070.0,1990.0,1990.0,25148047000.0
2015-05-08,1890.0,2010.0,1935.0,1940.0,26398160000.0
2015-05-11,1860.0,1950.0,1900.0,1900.0,12341629000.0
2015-05-12,1900.0,1920.0,1875.0,1900.0,21317226000.0
2015-05-13,1990.0,2020.0,1915.0,1945.0,51594440000.0
2015-05-14,1985.0,1990.0,1920.0,1965.0,18482225000.0
2015-05-15,1965.0,1980.0,1955.0,1965.0,9750310000.0
2015-05-19,1785.0,1940.0,1875.0,1875.0,14252399000.0
2015-05-20,1935.0,1945.0,1865.0,1905.0,18655590000.0
2015-05-21,1955.0,1935.0,1905.0,1930.0,7502473000.0
2015-05-22,1940.0,1945.0,1905.0,1935.0,12028784000.0
2015-05-25,1915.0,1935.0,1910.0,1925.0,1600334200.0
2015-05-26,1855.0,1940.0,1880.0,1890.0,8751789000.0
2015-05-27,1720.0,1900.0,1805.0,1805.0,24500673000.0
2015-05-28,1875.0,1840.0,1800.0,1840.0,7892438000.0
2015-05-29,1790.0,1870.0,1815.0,1815.0,38386440000.0
2015-06-01,1785.0,1830.0,1790.0,1800.0,9715879000.0
2015-06-02,1830.0,1830.0,1815.0,1815.0,23088736000.0
2015-06-03,1795.0,1845.0,1805.0,1805.0,15165350000.0
2015-06-04,1795.0,1825.0,1785.0,1800.0,9441404000.0
2015-06-05,1830.0,1835.0,1800.0,1815.0,20599996000.0
2015-06-09,1855.0,1850.0,1820.0,1835.0,23868258000.0
2015-06-10,1845.0,1870.0,1830.0,1840.0,20776423000.0
2015-06-11,1780.0,1850.0,1800.0,1810.0,24378245000.0
2015-06-12,1770.0,1815.0,1785.0,1790.0,23790182000.0
2015-06-16,1460.0,1750.0,1625.0,1625.0,29248973000.0
2015-06-17,1665.0,1675.0,1625.0,1645.0,25358516000.0
2015-06-18,1685.0,1680.0,1655.0,1665.0,18681901000.0
2015-06-19,1605.0,1675.0,1635.0,1635.0,16680420000.0
2015-06-22,1675.0,1675.0,1625.0,1655.0,17184426000.0
2015-06-23,1795.0,1725.0,1645.0,1725.0,18647079000.0
2015-06-24,1725.0,1760.0,1705.0,1725.0,19537025000.0
2015-06-25,1665.0,1725.0,1695.0,1695.0,10711678000.0
2015-06-26,1725.0,1710.0,1675.0,1710.0,13164440000.0
2015-06-30,1750.0,1730.0,1695.0,1730.0,13387039000.0
2015-07-01,1560.0,1725.0,1645.0,1645.0,13241169000.0
2015-07-02,1705.0,1685.0,1660.0,1675.0,8350989300.0
2015-07-03,1625.0,1670.0,1650.0,1650.0,1690651300.0
2015-07-06,1620.0,1650.0,1610.0,1635.0,15113097000.0
2015-07-07,1665.0,1650.0,1565.0,1650.0,17762560000.0
2015-07-08,1550.0,1640.0,1590.0,1600.0,23957774000.0
2015-07-09,1690.0,1655.0,1620.0,1645.0,20495049000.0
2015-07-10,1605.0,1655.0,1615.0,1625.0,14101378000.0
2015-07-13,1645.0,1640.0,1605.0,1635.0,5997597700.0
2015-07-14,1675.0,1655.0,1620.0,1655.0,42677670000.0
2015-07-15,1615.0,1650.0,1625.0,1635.0,18593874000.0
2015-07-16,1625.0,1645.0,1615.0,1630.0,6634754600.0
2015-07-17,1590.0,1635.0,1600.0,1610.0,7714190300.0
2015-07-21,1660.0,1640.0,1605.0,1635.0,7539890700.0
2015-07-22,1585.0,1620.0,1585.0,1610.0,13501597000.0
2015-07-23,1640.0,1630.0,1595.0,1625.0,7932851000.0
2015-07-24,1545.0,1620.0,1580.0,1585.0,11687398000.0
2015-07-27,1505.0,1580.0,1545.0,1545.0,13393098000.0
2015-07-28,1575.0,1585.0,1555.0,1560.0,15829300000.0
2015-07-29,1720.0,1640.0,1580.0,1640.0,61870543000.0
2015-07-30,1650.0,1660.0,1600.0,1645.0,12233996000.0
2015-07-31,1575.0,1630.0,1605.0,1610.0,11336479000.0
2015-08-03,1520.0,1605.0,1550.0,1565.0,10007945000.0
2015-08-04,1595.0,1590.0,1560.0,1580.0,8573014000.0
2015-08-05,1480.0,1590.0,1530.0,1530.0,12576717000.0
2015-08-06,1600.0,1595.0,1520.0,1565.0,18312060000.0
2015-08-10,1515.0,1545.0,1510.0,1540.0,13293399000.0
2015-08-11,1460.0,1530.0,1490.0,1500.0,16412524000.0
2015-08-12,1560.0,1530.0,1505.0,1530.0,24394934000.0
2015-08-13,1530.0,1530.0,1515.0,1530.0,27227714000.0
2015-08-14,1490.0,1540.0,1510.0,1510.0,5642281000.0
2015-08-18,1520.0,1515.0,1490.0,1515.0,10130252000.0
2015-08-19,1385.0,1510.0,1450.0,1450.0,11933179000.0
2015-08-20,1480.0,1470.0,1440.0,1465.0,12919439000.0
2015-08-21,1455.0,1495.0,1450.0,1460.0,27507888000.0
2015-08-24,1400.0,1460.0,1395.0,1430.0,18007849000.0
2015-08-25,1420.0,1460.0,1415.0,1425.0,9462380000.0
2015-08-26,1425.0,1445.0,1415.0,1425.0,11067653000.0
2015-08-27,1595.0,1510.0,1440.0,1510.0,20258228000.0
2015-08-28,1580.0,1605.0,1500.0,1545.0,27592204000.0
2015-08-31,1645.0,1595.0,1510.0,1595.0,19577706000.0
2015-09-01,1405.0,1565.0,1500.0,1500.0,11155180000.0
2015-09-02,1540.0,1550.0,1495.0,1520.0,22270180000.0
2015-09-03,1510.0,1565.0,1495.0,1515.0,18022494000.0
2015-09-04,1485.0,1515.0,1485.0,1500.0,9665577000.0
2015-09-07,1450.0,1495.0,1475.0,1475.0,1341588400.0
2015-09-08,1455.0,1515.0,1460.0,1465.0,13807443000.0
2015-09-09,1405.0,1490.0,1425.0,1435.0,13358491000.0
2015-09-10,1465.0,1450.0,1395.0,1450.0,14904366000.0
2015-09-11,1360.0,1420.0,1400.0,1405.0,9739635000.0
2015-09-14,1415.0,1415.0,1395.0,1410.0,7079441400.0
2015-09-15,1380.0,1425.0,1385.0,1395.0,11042565000.0
2015-09-16,1455.0,1435.0,1395.0,1425.0,27004393000.0
2015-09-17,1455.0,1460.0,1410.0,1440.0,16116791000.0
2015-09-18,1410.0,1425.0,1390.0,1425.0,19487312000.0
2015-09-21,1405.0,1440.0,1405.0,1415.0,4542469600.0
2015-09-22,1375.0,1425.0,1390.0,1395.0,7347465700.0
2015-09-23,1315.0,1415.0,1355.0,1355.0,9212055000.0
2015-09-24,1375.0,1370.0,1340.0,1365.0,9067021000.0
2015-09-25,1335.0,1380.0,1350.0,1350.0,3362755300.0
2015-09-28,1220.0,1340.0,1285.0,1285.0,7807493600.0
2015-09-29,1325.0,1315.0,1285.0,1305.0,6490664400.0
2015-09-30,1355.0,1335.0,1310.0,1330.0,14796906000.0
2015-10-01,1310.0,1385.0,1320.0,1320.0,10840960000.0
2015-10-02,1360.0,1350.0,1305.0,1340.0,5658324000.0
2015-10-05,1440.0,1390.0,1350.0,1390.0,8517381600.0
2015-10-06,1490.0,1445.0,1390.0,1440.0,19867060000.0
2015-10-07,1550.0,1495.0,1450.0,1495.0,32719528000.0
2015-10-08,1535.0,1520.0,1475.0,1515.0,25119853000.0
2015-10-09,1485.0,1535.0,1500.0,1500.0,26667240000.0
2015-10-13,1490.0,1510.0,1460.0,1495.0,13690522000.0
2015-10-14,1465.0,1500.0,1475.0,1480.0,14946196000.0
2015-10-15,1460.0,1485.0,1450.0,1470.0,24741888000.0
2015-10-16,1450.0,1480.0,1440.0,1460.0,9886634000.0
2015-10-19,1320.0,1445.0,1360.0,1390.0,15766205000.0
2015-10-20,1400.0,1410.0,1370.0,1395.0,11342128000.0
2015-10-21,1355.0,1395.0,1355.0,1375.0,7916867000.0
2015-10-22,1405.0,1390.0,1370.0,1390.0,12021771000.0
2015-10-23,1350.0,1390.0,1360.0,1370.0,7712962000.0
2015-10-26,1360.0,1370.0,1350.0,1365.0,5981610000.0
2015-10-27,1325.0,1350.0,1320.0,1345.0,8116920000.0
2015-10-28,1385.0,1385.0,1335.0,1365.0,11295634000.0
2015-10-29,1325.0,1390.0,1345.0,1345.0,6411587600.0
2015-10-30,1355.0,1385.0,1335.0,1350.0,6674399700.0
2015-11-03,1480.0,1415.0,1385.0,1415.0,11807891000.0
2015-11-04,1385.0,1425.0,1395.0,1400.0,13863090000.0
2015-11-05,1430.0,1420.0,1385.0,1415.0,27480502000.0
2015-11-06,1405.0,1410.0,1390.0,1410.0,9271119000.0
2015-11-09,1380.0,1420.0,1395.0,1395.0,8614970000.0
2015-11-10,1395.0,1405.0,1385.0,1395.0,8414958600.0
2015-11-11,1325.0,1385.0,1350.0,1360.0,7009386500.0
2015-11-12,1320.0,1360.0,1335.0,1340.0,12343836000.0
2015-11-13,1360.0,1350.0,1310.0,1350.0,16197597000.0
2015-11-17,1300.0,1395.0,1310.0,1325.0,14308011000.0
2015-11-18,1315.0,1375.0,1300.0,1320.0,14371263000.0
2015-11-19,1300.0,1340.0,1305.0,1310.0,13658442000.0
2015-11-20,1280.0,1320.0,1290.0,1295.0,8104335400.0
2015-11-23,1365.0,1340.0,1290.0,1330.0,8070150000.0
2015-11-24,1350.0,1370.0,1340.0,1340.0,26361352000.0
2015-11-25,1340.0,1355.0,1315.0,1340.0,19128732000.0
2015-11-26,1310.0,1345.0,1320.0,1325.0,1837050200.0
2015-11-27,1275.0,1330.0,1300.0,1300.0,3280776200.0
2015-11-30,1310.0,1340.0,1300.0,1305.0,45120266000.0
2015-12-01,1265.0,1320.0,1285.0,1285.0,9123614000.0
2015-12-02,1235.0,1305.0,1250.0,1260.0,8634950000.0
2015-12-03,1250.0,1275.0,1250.0,1255.0,7384356400.0
2015-12-04,1155.0,1245.0,1195.0,1205.0,10774866000.0
2015-12-07,1115.0,1185.0,1140.0,1160.0,6854532600.0
2015-12-09,1160.0,1195.0,1150.0,1160.0,10413369000.0
2015-12-10,1110.0,1175.0,1135.0,1135.0,4507109000.0
2015-12-11,1075.0,1135.0,1100.0,1105.0,6626617000.0
2015-12-14,1075.0,1100.0,1080.0,1090.0,11001818000.0
2015-12-15,1250.0,1185.0,1100.0,1170.0,11129177000.0
2015-12-16,1150.0,1180.0,1145.0,1160.0,6601603600.0
2015-12-17,1150.0,1160.0,1125.0,1155.0,9937618000.0
2015-12-18,1305.0,1230.0,1135.0,1230.0,19661742000.0
2015-12-21,1080.0,1190.0,1150.0,1155.0,7090143000.0
2015-12-22,1175.0,1180.0,1135.0,1165.0,3256380200.0
2015-12-23,1245.0,1230.0,1180.0,1205.0,8158507500.0
2015-12-24,1135.0,1205.0,1170.0,1170.0,3428170000.0
2015-12-28,1130.0,1170.0,1130.0,1150.0,3494483500.0
2015-12-29,1110.0,1195.0,1130.0,1130.0,2687987500.0
2015-12-30,1090.0,1135.0,1100.0,1110.0,2223624400.0
2016-01-04,1100.0,1140.0,1100.0,1105.0,3171007200.0
2016-01-05,1065.0,1100.0,1065.0,1085.0,5949798000.0
2016-01-06,1035.0,1075.0,1055.0,1060.0,5485915000.0
2016-01-07,1010.0,1065.0,1030.0,1035.0,6344253400.0
2016-01-08,995.0,1035.0,1010.0,1015.0,4262894300.0
2016-01-12,895.0,1005.0,947.0,955.0,13531084000.0
2016-01-13,967.0,997.0,955.0,961.0,9846388000.0
2016-01-14,1013.0,995.0,962.0,987.0,8479785000.0
2016-01-15,969.0,982.0,949.0,978.0,6435605500.0
2016-01-18,784.0,978.0,881.0,881.0,6294909000.0
2016-01-19,965.0,956.0,900.0,923.0,12802279000.0
2016-01-20,905.0,931.0,880.0,914.0,14406455000.0
2016-01-21,986.0,960.0,920.0,950.0,11911352000.0
2016-01-22,1090.0,1020.0,960.0,1020.0,16707300000.0
2016-01-25,896.0,1010.0,957.0,958.0,13937460000.0
2016-01-26,992.0,981.0,950.0,975.0,12392086000.0
2016-01-27,1005.0,995.0,955.0,990.0,10874607000.0
2016-01-28,1050.0,1060.0,997.0,1020.0,24477410000.0
2016-01-29,1040.0,1045.0,1010.0,1030.0,22881282000.0
2016-02-01,1010.0,1030.0,991.0,1020.0,13507601000.0
2016-02-02,966.0,1010.0,990.0,993.0,12702199000.0
2016-02-03,1077.0,1035.0,975.0,1035.0,18590335000.0
2016-02-04,1065.0,1080.0,1035.0,1050.0,21056328000.0
2016-02-05,1040.0,1055.0,1030.0,1045.0,14088146000.0
2016-02-08,1075.0,1060.0,1030.0,1060.0,7796204500.0
2016-02-09,990.0,1050.0,1020.0,1025.0,24847763000.0
2016-02-10,1035.0,1040.0,1005.0,1030.0,14924882000.0
2016-02-11,1040.0,1035.0,1000.0,1035.0,24994144000.0
2016-02-12,1095.0,1065.0,1035.0,1065.0,27441830000.0
2016-02-15,1075.0,1080.0,1065.0,1070.0,5553729500.0
2016-02-16,1020.0,1085.0,1040.0,1045.0,25821176000.0
2016-02-17,1265.0,1155.0,1045.0,1155.0,33717035000.0
2016-02-18,1165.0,1190.0,1160.0,1160.0,38054203000.0
2016-02-19,1100.0,1165.0,1125.0,1130.0,24394190000.0
2016-02-22,1200.0,1185.0,1155.0,1165.0,19335290000.0
2016-02-23,1125.0,1160.0,1140.0,1145.0,28619678000.0
2016-02-24,1125.0,1145.0,1115.0,1135.0,27185440000.0
2016-02-25,1165.0,1170.0,1135.0,1150.0,35458400000.0
2016-02-26,1170.0,1195.0,1155.0,1160.0,32651220000.0
2016-02-29,1120.0,1165.0,1140.0,1140.0,21746910000.0
2016-03-01,1200.0,1175.0,1145.0,1170.0,27997172000.0
2016-03-02,1350.0,1260.0,1160.0,1260.0,53697778000.0
2016-03-03,1380.0,1330.0,1250.0,1320.0,32638010000.0
2016-03-04,1410.0,1385.0,1315.0,1365.0,43696275000.0
2016-03-07,1485.0,1435.0,1300.0,1425.0,50953863000.0
2016-03-08,1255.0,1420.0,1310.0,1340.0,44105564000.0
2016-03-09,1340.0,1395.0,1340.0,1340.0,39676430000.0
2016-03-10,1360.0,1355.0,1315.0,1350.0,25729792000.0
2016-03-11,1370.0,1385.0,1350.0,1360.0,21914468000.0
2016-03-14,1310.0,1345.0,1325.0,1335.0,7428855300.0
2016-03-15,1235.0,1330.0,1270.0,1285.0,25613824000.0
2016-03-16,1405.0,1345.0,1295.0,1345.0,21010510000.0
2016-03-17,1415.0,1380.0,1350.0,1380.0,22732700000.0
2016-03-18,1270.0,1395.0,1325.0,1325.0,43475214000.0
2016-03-22,1375.0,1350.0,1320.0,1350.0,25967400000.0
2016-03-23,1330.0,1340.0,1300.0,1340.0,16796347000.0
2016-03-28,1240.0,1305.0,1280.0,1290.0,10341453000.0
2016-03-29,1270.0,1290.0,1235.0,1280.0,12588857000.0
2016-03-30,1340.0,1320.0,1280.0,1310.0,25270288000.0
2016-03-31,1310.0,1310.0,1290.0,1310.0,18853652000.0
2016-04-01,1290.0,1305.0,1260.0,1300.0,27511763000.0
2016-04-04,1280.0,1320.0,1280.0,1290.0,14201984000.0
2016-04-05,1240.0,1280.0,1255.0,1265.0,11967741000.0
2016-04-06,1265.0,1280.0,1260.0,1265.0,32270682000.0
2016-04-07,1175.0,1265.0,1220.0,1220.0,19917763000.0
2016-04-08,1340.0,1280.0,1235.0,1280.0,19795317000.0
2016-04-11,1300.0,1305.0,1280.0,1290.0,15924900000.0
2016-04-12,1470.0,1380.0,1300.0,1380.0,35344843000.0
2016-04-13,1420.0,1425.0,1370.0,1400.0,31254331000.0
2016-04-14,1360.0,1415.0,1375.0,1380.0,14614706000.0
2016-04-15,1320.0,1375.0,1340.0,1350.0,16854420000.0
2016-04-18,1370.0,1385.0,1295.0,1360.0,24069833000.0
2016-04-19,1400.0,1405.0,1360.0,1380.0,29317278000.0
2016-04-20,1470.0,1445.0,1360.0,1425.0,45791728000.0
2016-04-21,1435.0,1440.0,1420.0,1430.0,28603578000.0
2016-04-22,1440.0,1470.0,1425.0,1435.0,26632129000.0
2016-04-25,1395.0,1445.0,1415.0,1415.0,13990705000.0
2016-04-26,1475.0,1450.0,1425.0,1445.0,14035464000.0
2016-04-27,1475.0,1485.0,1450.0,1460.0,53683986000.0
2016-04-28,1420.0,1480.0,1440.0,1440.0,29888629000.0
2016-04-29,1390.0,1455.0,1405.0,1415.0,38649844000.0
2016-05-02,1325.0,1415.0,1355.0,1370.0,21090603000.0
2016-05-03,1370.0,1370.0,1330.0,1370.0,11929164000.0
2016-05-04,1420.0,1445.0,1375.0,1395.0,32628144000.0
2016-05-05,1385.0,1440.0,1380.0,1390.0,20961976000.0
2016-05-06,1400.0,1415.0,1375.0,1395.0,18899302000.0
2016-05-10,1415.0,1405.0,1365.0,1405.0,14483761000.0
2016-05-11,1395.0,1430.0,1380.0,1400.0,18745250000.0
2016-05-12,1440.0,1435.0,1395.0,1420.0,17592349000.0
2016-05-13,1390.0,1420.0,1400.0,1405.0,8692132000.0
2016-05-16,1485.0,1450.0,1410.0,1445.0,24664630000.0
2016-05-17,1485.0,1465.0,1430.0,1465.0,25868278000.0
2016-05-18,1345.0,1470.0,1405.0,1405.0,25013406000.0
2016-05-19,1425.0,1415.0,1370.0,1415.0,18815068000.0
2016-05-20,1385.0,1425.0,1395.0,1400.0,11183655000.0
2016-05-23,1390.0,1400.0,1380.0,1395.0,8421802000.0
2016-05-24,1375.0,1400.0,1370.0,1385.0,9569367000.0
2016-05-25,1435.0,1425.0,1395.0,1410.0,28444082000.0
2016-05-26,1380.0,1425.0,1395.0,1395.0,17271255000.0
2016-05-27,1395.0,1405.0,1385.0,1395.0,7997883000.0
2016-05-31,1285.0,1405.0,1340.0,1340.0,35284566000.0
2016-06-01,1380.0,1375.0,1320.0,1360.0,11529031000.0
2016-06-02,1390.0,1380.0,1335.0,1375.0,8452145700.0
2016-06-03,1365.0,1385.0,1355.0,1370.0,7207520000.0
2016-06-07,1470.0,1425.0,1375.0,1420.0,28213408000.0
2016-06-08,1480.0,1450.0,1425.0,1450.0,22724878000.0
2016-06-09,1450.0,1465.0,1430.0,1450.0,19207145000.0
2016-06-10,1370.0,1445.0,1410.0,1410.0,13587674000.0
2016-06-13,1390.0,1410.0,1385.0,1400.0,10169574000.0
2016-06-14,1390.0,1410.0,1385.0,1395.0,7841070000.0
2016-06-15,1395.0,1410.0,1380.0,1395.0,10820742000.0
2016-06-16,1395.0,1410.0,1380.0,1395.0,18846388000.0
2016-06-17,1435.0,1430.0,1400.0,1415.0,30868520000.0
2016-06-20,1425.0,1435.0,1415.0,1420.0,23384885000.0
2016-06-21,1430.0,1425.0,1405.0,1425.0,21767293000.0
2016-06-22,1395.0,1435.0,1410.0,1410.0,15424590000.0
2016-06-23,1410.0,1425.0,1410.0,1410.0,8829734000.0
2016-06-24,1390.0,1405.0,1360.0,1400.0,13862000000.0
2016-06-27,1340.0,1385.0,1365.0,1370.0,11203374000.0
2016-06-28,1400.0,1400.0,1385.0,1385.0,7129782300.0
2016-06-29,1405.0,1405.0,1390.0,1395.0,7092454400.0
2016-06-30,1395.0,1395.0,1380.0,1395.0,10925554000.0
2016-07-01,1415.0,1405.0,1385.0,1405.0,9870628000.0
2016-07-05,1335.0,1395.0,1370.0,1370.0,10195647000.0
2016-07-06,1370.0,1380.0,1355.0,1370.0,8316230700.0
2016-07-07,1340.0,1405.0,1350.0,1355.0,18808592000.0
2016-07-08,1345.0,1370.0,1350.0,1350.0,6495870500.0
2016-07-11,1390.0,1370.0,1350.0,1370.0,5547743700.0
2016-07-12,1410.0,1395.0,1375.0,1390.0,10700791000.0
2016-07-13,1400.0,1405.0,1380.0,1395.0,15969246000.0
2016-07-14,1425.0,1410.0,1395.0,1410.0,8482025500.0
2016-07-15,1390.0,1415.0,1385.0,1400.0,11339501000.0
2016-07-18,1420.0,1410.0,1385.0,1410.0,6358669300.0
2016-07-19,1370.0,1410.0,1385.0,1390.0,25618442000.0
2016-07-21,1340.0,1390.0,1360.0,1365.0,23389110000.0
2016-07-22,1355.0,1370.0,1350.0,1360.0,9566332000.0
2016-07-25,1310.0,1355.0,1335.0,1335.0,10247537000.0
2016-07-26,1345.0,1350.0,1330.0,1340.0,8003277000.0
2016-07-27,1310.0,1355.0,1325.0,1325.0,11837641000.0
2016-07-28,1265.0,1325.0,1290.0,1295.0,11541869000.0
2016-07-29,1305.0,1315.0,1285.0,1300.0,17319258000.0
2016-08-01,1200.0,1300.0,1245.0,1250.0,7812527000.0
2016-08-02,1160.0,1265.0,1205.0,1205.0,17207366000.0
2016-08-03,1265.0,1235.0,1200.0,1235.0,13024304000.0
2016-08-04,1245.0,1245.0,1225.0,1240.0,8077659600.0
2016-08-05,1220.0,1240.0,1225.0,1230.0,10972950000.0
2016-08-08,1290.0,1260.0,1245.0,1260.0,6665959400.0
2016-08-09,1220.0,1260.0,1240.0,1240.0,12151869000.0
2016-08-10,1210.0,1245.0,1215.0,1225.0,10383178000.0
2016-08-11,1235.0,1230.0,1215.0,1230.0,9599628000.0
2016-08-12,1210.0,1235.0,1220.0,1220.0,5829921300.0
2016-08-16,1330.0,1280.0,1230.0,1275.0,14799520000.0
2016-08-17,1365.0,1320.0,1265.0,1320.0,21263722000.0
2016-08-18,1340.0,1335.0,1320.0,1330.0,14196183000.0
2016-08-19,1310.0,1330.0,1315.0,1320.0,7432190500.0
2016-08-22,1260.0,1320.0,1265.0,1290.0,10161056000.0
2016-08-23,1370.0,1330.0,1285.0,1330.0,15855249000.0
2016-08-24,1320.0,1335.0,1315.0,1325.0,7106780000.0
2016-08-25,1325.0,1340.0,1315.0,1325.0,16629496000.0
2016-08-26,1315.0,1340.0,1315.0,1320.0,13067782000.0
2016-08-29,1320.0,1320.0,1305.0,1320.0,7273022500.0
2016-08-30,1330.0,1335.0,1315.0,1325.0,7337931000.0
2016-08-31,1315.0,1325.0,1315.0,1320.0,18122236000.0
2016-09-01,1270.0,1315.0,1285.0,1295.0,8751009000.0
2016-09-02,1345.0,1320.0,1300.0,1320.0,5900649000.0
2016-09-05,1370.0,1350.0,1320.0,1345.0,5554310700.0
2016-09-06,1335.0,1340.0,1320.0,1340.0,9243897000.0
2016-09-07,1390.0,1370.0,1325.0,1365.0,25533852000.0
2016-09-08,1435.0,1400.0,1370.0,1400.0,32348516000.0
2016-09-09,1320.0,1390.0,1360.0,1360.0,21802162000.0
2016-09-12,1310.0,1360.0,1335.0,1335.0,12376842000.0
2016-09-13,1265.0,1330.0,1285.0,1300.0,19260205000.0
2016-09-14,1250.0,1310.0,1275.0,1275.0,26000777000.0
2016-09-15,1255.0,1285.0,1255.0,1265.0,12643201000.0
2016-09-16,1195.0,1255.0,1230.0,1230.0,25899117000.0
2016-09-19,1210.0,1255.0,1220.0,1220.0,10538068000.0
2016-09-20,1190.0,1220.0,1185.0,1205.0,18156474000.0
2016-09-21,1265.0,1235.0,1210.0,1235.0,17771094000.0
2016-09-22,1255.0,1255.0,1240.0,1245.0,10742806000.0
2016-09-23,1185.0,1245.0,1205.0,1215.0,20097278000.0
2016-09-26,1195.0,1225.0,1205.0,1205.0,9355928000.0
2016-09-27,1135.0,1205.0,1160.0,1170.0,17669933000.0
2016-09-28,1290.0,1235.0,1165.0,1230.0,18301073000.0
2016-09-29,1260.0,1265.0,1230.0,1245.0,20590195000.0
2016-09-30,1255.0,1270.0,1245.0,1250.0,18812914000.0
2016-10-03,1280.0,1275.0,1200.0,1265.0,16724211000.0
2016-10-04,1285.0,1290.0,1270.0,1275.0,13839320000.0
2016-10-05,1345.0,1310.0,1280.0,1310.0,23608394000.0
2016-10-06,1340.0,1330.0,1310.0,1325.0,27360672000.0
2016-10-07,1305.0,1325.0,1315.0,1315.0,11665144000.0
2016-10-10,1365.0,1345.0,1315.0,1340.0,10842243000.0
2016-10-11,1310.0,1345.0,1320.0,1325.0,18496060000.0
2016-10-12,1305.0,1330.0,1300.0,1315.0,8743592000.0
2016-10-13,1335.0,1325.0,1300.0,1325.0,8733707000.0
2016-10-14,1305.0,1330.0,1310.0,1315.0,7439474000.0
2016-10-18,1375.0,1345.0,1300.0,1345.0,12016595000.0
2016-10-19,1395.0,1385.0,1350.0,1370.0,24726774000.0
2016-10-20,1310.0,1365.0,1340.0,1340.0,14514511000.0
2016-10-21,1350.0,1350.0,1340.0,1345.0,4075374800.0
2016-10-24,1335.0,1355.0,1325.0,1340.0,13016508000.0
2016-10-25,1320.0,1350.0,1330.0,1330.0,4832954400.0
2016-10-26,1340.0,1340.0,1315.0,1335.0,21024280000.0
2016-10-27,1345.0,1345.0,1335.0,1340.0,13190902000.0
2016-10-28,1290.0,1340.0,1315.0,1315.0,10809268000.0
2016-10-31,1305.0,1315.0,1300.0,1310.0,11206119000.0
2016-11-01,1350.0,1335.0,1315.0,1330.0,10138714000.0
2016-11-02,1290.0,1330.0,1310.0,1310.0,16585570000.0
2016-11-03,1290.0,1325.0,1295.0,1300.0,19450319000.0
2016-11-04,1300.0,1305.0,1285.0,1300.0,23286868000.0
2016-11-08,1320.0,1315.0,1300.0,1310.0,6748524000.0
2016-11-09,1340.0,1325.0,1300.0,1325.0,10047382000.0
2016-11-10,1235.0,1330.0,1280.0,1280.0,24301963000.0
2016-11-11,1260.0,1275.0,1230.0,1270.0,18557164000.0
2016-11-15,1320.0,1310.0,1270.0,1295.0,14694176000.0
2016-11-16,1255.0,1295.0,1270.0,1275.0,8823733000.0
2016-11-17,1285.0,1305.0,1280.0,1280.0,11490323000.0
2016-11-18,1280.0,1295.0,1275.0,1280.0,6747291600.0
2016-11-21,1350.0,1315.0,1295.0,1315.0,11043076000.0
2016-11-22,1315.0,1325.0,1290.0,1315.0,12738488000.0
2016-11-23,1285.0,1315.0,1300.0,1300.0,3672180700.0
2016-11-24,1300.0,1305.0,1300.0,1300.0,1142406100.0
2016-11-25,1280.0,1300.0,1285.0,1290.0,6563327000.0
2016-11-28,1280.0,1305.0,1285.0,1285.0,8271173000.0
2016-11-29,1195.0,1275.0,1240.0,1240.0,11841201000.0
2016-11-30,1400.0,1325.0,1280.0,1320.0,38027440000.0
2016-12-01,1330.0,1370.0,1325.0,1325.0,22165858000.0
2016-12-02,1315.0,1335.0,1320.0,1320.0,7436752400.0
2016-12-05,1310.0,1345.0,1315.0,1315.0,6550898000.0
2016-12-06,1315.0,1320.0,1305.0,1315.0,15613901000.0
2016-12-07,1295.0,1315.0,1305.0,1305.0,9155766000.0
2016-12-09,1335.0,1320.0,1300.0,1320.0,5118650400.0
2016-12-12,1370.0,1355.0,1320.0,1345.0,18698004000.0
2016-12-13,1355.0,1360.0,1340.0,1350.0,19633330000.0
2016-12-14,1330.0,1350.0,1340.0,1340.0,20118026000.0
2016-12-15,1360.0,1350.0,1330.0,1350.0,13605925000.0
2016-12-16,1410.0,1380.0,1350.0,1380.0,30247719000.0
2016-12-19,1390.0,1390.0,1370.0,1385.0,15008002000.0
2016-12-20,1385.0,1400.0,1380.0,1385.0,11393105000.0
2016-12-21,1375.0,1395.0,1380.0,1380.0,8377577500.0
2016-12-22,1330.0,1390.0,1355.0,1355.0,7368246000.0
2016-12-23,1315.0,1355.0,1330.0,1335.0,8430777000.0
2016-12-26,1375.0,1355.0,1340.0,1355.0,1125851900.0
2016-12-27,1375.0,1375.0,1355.0,1365.0,4160864500.0
2016-12-28,1395.0,1385.0,1365.0,1380.0,4918227500.0
2016-12-29,1380.0,1385.0,1365.0,1380.0,3995107300.0
2017-01-02,1340.0,1370.0,1360.0,1360.0,341127840.0
2017-01-03,1400.0,1390.0,1370.0,1380.0,10103139000.0
2017-01-04,1420.0,1400.0,1370.0,1400.0,13917962000.0
2017-01-05,1430.0,1415.0,1400.0,1415.0,16025494000.0
2017-01-06,1375.0,1415.0,1385.0,1395.0,12194071000.0
2017-01-10,1385.0,1390.0,1375.0,1390.0,3983415300.0
2017-01-11,1430.0,1415.0,1395.0,1410.0,9378558000.0
2017-01-12,1390.0,1425.0,1400.0,1400.0,18960028000.0
2017-01-13,1410.0,1405.0,1390.0,1405.0,9029472000.0
2017-01-16,1395.0,1400.0,1395.0,1400.0,539895700.0
2017-01-17,1400.0,1405.0,1385.0,1400.0,11625173000.0
2017-01-18,1380.0,1400.0,1385.0,1390.0,12402701000.0
2017-01-19,1400.0,1400.0,1390.0,1395.0,9726359000.0
2017-01-20,1375.0,1405.0,1385.0,1385.0,8679188000.0
2017-01-23,1415.0,1400.0,1370.0,1400.0,13612174000.0
2017-01-24,1400.0,1410.0,1400.0,1400.0,9406052000.0
2017-01-25,1370.0,1400.0,1385.0,1385.0,38121333000.0
2017-01-26,1395.0,1395.0,1390.0,1390.0,6986720000.0
2017-01-27,1390.0,1395.0,1385.0,1390.0,12045572000.0
2017-01-30,1350.0,1390.0,1360.0,1370.0,31255814000.0
2017-01-31,1380.0,1385.0,1370.0,1375.0,13157023000.0
2017-02-01,1415.0,1395.0,1375.0,1395.0,7858603500.0
2017-02-02,1385.0,1395.0,1380.0,1390.0,18397372000.0
2017-02-03,1380.0,1390.0,1380.0,1385.0,6183195000.0
2017-02-06,1365.0,1385.0,1365.0,1375.0,36199612000.0
2017-02-07,1335.0,1370.0,1350.0,1355.0,33374441000.0
2017-02-08,1355.0,1360.0,1345.0,1355.0,38461383000.0
2017-02-09,1355.0,1365.0,1355.0,1355.0,13051759000.0
2017-02-10,1405.0,1380.0,1365.0,1380.0,12085369000.0
2017-02-13,1370.0,1375.0,1365.0,1375.0,9271398000.0
2017-02-14,1355.0,1375.0,1360.0,1365.0,16016117000.0
2017-02-15,1365.0,1370.0,1355.0,1365.0,20292446000.0
2017-02-16,1355.0,1380.0,1355.0,1360.0,13209849000.0
2017-02-17,1340.0,1360.0,1340.0,1350.0,17338388000.0
2017-02-20,1360.0,1355.0,1345.0,1355.0,927537300.0
2017-02-21,1335.0,1360.0,1340.0,1345.0,11499390000.0
2017-02-22,1275.0,1340.0,1305.0,1310.0,20489038000.0
2017-02-23,1360.0,1335.0,1315.0,1335.0,17541510000.0
2017-02-24,1305.0,1330.0,1315.0,1320.0,16316897000.0
2017-02-27,1350.0,1335.0,1320.0,1335.0,7000655400.0
2017-02-28,1305.0,1330.0,1320.0,1320.0,7069767700.0
2017-03-01,1300.0,1325.0,1305.0,1310.0,10569143000.0
2017-03-02,1320.0,1315.0,1295.0,1315.0,10067897000.0
2017-03-03,1325.0,1335.0,1305.0,1320.0,10292068000.0
2017-03-06,1320.0,1335.0,1300.0,1320.0,8440298500.0
2017-03-07,1340.0,1330.0,1310.0,1330.0,12623209000.0
2017-03-08,1260.0,1330.0,1295.0,1295.0,13611633000.0
2017-03-09,1325.0,1310.0,1275.0,1310.0,9871412000.0
2017-03-10,1320.0,1320.0,1305.0,1315.0,6732822500.0
2017-03-13,1315.0,1325.0,1310.0,1315.0,7068847000.0
2017-03-14,1265.0,1310.0,1285.0,1290.0,15514900000.0
2017-03-15,1340.0,1315.0,1295.0,1315.0,11895826000.0
2017-03-16,1325.0,1320.0,1305.0,1320.0,13240729000.0
2017-03-17,1280.0,1325.0,1300.0,1300.0,34042972000.0
2017-03-21,1350.0,1325.0,1300.0,1325.0,15863257000.0
2017-03-22,1315.0,1325.0,1315.0,1320.0,19329851000.0
2017-03-23,1320.0,1330.0,1310.0,1320.0,9531011000.0
2017-03-24,1310.0,1325.0,1315.0,1315.0,5725491700.0
2017-03-27,1295.0,1320.0,1300.0,1305.0,15622432000.0
2017-03-28,1345.0,1325.0,1310.0,1325.0,12298646000.0
2017-03-29,1355.0,1340.0,1320.0,1340.0,10917331000.0
2017-03-30,1340.0,1350.0,1340.0,1340.0,9853545000.0
2017-03-31,1360.0,1350.0,1335.0,1350.0,5252700700.0
2017-04-03,1350.0,1350.0,1330.0,1350.0,8711853000.0
2017-04-04,1360.0,1355.0,1340.0,1355.0,11909691000.0
2017-04-05,1345.0,1375.0,1350.0,1350.0,32820713000.0
2017-04-06,1360.0,1365.0,1350.0,1355.0,18182498000.0
2017-04-07,1375.0,1375.0,1355.0,1365.0,18083220000.0
2017-04-10,1405.0,1390.0,1370.0,1385.0,10356902000.0
2017-04-11,1395.0,1395.0,1380.0,1390.0,19490507000.0
2017-04-12,1410.0,1400.0,1380.0,1400.0,11729613000.0
2017-04-17,1340.0,1380.0,1360.0,1370.0,14074382000.0
2017-04-18,1380.0,1380.0,1360.0,1375.0,8773521000.0
2017-04-19,1375.0,1375.0,1365.0,1375.0,37197316000.0
2017-04-20,1385.0,1380.0,1370.0,1380.0,30892716000.0
2017-04-21,1350.0,1375.0,1365.0,1365.0,20258710000.0
2017-04-24,1355.0,1375.0,1350.0,1360.0,15996925000.0
2017-04-25,1370.0,1365.0,1350.0,1365.0,15049209000.0
2017-04-26,1395.0,1385.0,1360.0,1380.0,18599852000.0
2017-04-27,1300.0,1360.0,1335.0,1340.0,27114750000.0
2017-04-28,1380.0,1360.0,1340.0,1360.0,14587461000.0
2017-05-02,1310.0,1355.0,1335.0,1335.0,26331662000.0
2017-05-03,1375.0,1355.0,1340.0,1355.0,17519460000.0
2017-05-04,1335.0,1355.0,1340.0,1345.0,35089002000.0
2017-05-05,1385.0,1365.0,1340.0,1365.0,32832991000.0
2017-05-08,1405.0,1385.0,1365.0,1385.0,21550434000.0
2017-05-09,1375.0,1385.0,1375.0,1380.0,16447212000.0
2017-05-10,1380.0,1390.0,1375.0,1380.0,29736570000.0
2017-05-11,1370.0,1380.0,1370.0,1375.0,42512900000.0
2017-05-12,1515.0,1450.0,1380.0,1445.0,61868573000.0
2017-05-15,1515.0,1485.0,1455.0,1480.0,26503018000.0
2017-05-16,1420.0,1485.0,1450.0,1450.0,21679223000.0
2017-05-17,1370.0,1455.0,1410.0,1410.0,34032562000.0
2017-05-18,1410.0,1420.0,1380.0,1410.0,24581710000.0
2017-05-19,1460.0,1440.0,1415.0,1435.0,15555806000.0
2017-05-22,1415.0,1440.0,1415.0,1425.0,14697244000.0
2017-05-23,1415.0,1430.0,1415.0,1420.0,12790462000.0
2017-05-24,1390.0,1425.0,1405.0,1405.0,16619152000.0
2017-05-25,1375.0,1420.0,1390.0,1390.0,19011200000.0
2017-05-26,1400.0,1405.0,1385.0,1395.0,10989298000.0
2017-05-30,1355.0,1390.0,1370.0,1375.0,6434282000.0
2017-05-31,1295.0,1370.0,1310.0,1335.0,62743925000.0
2017-06-01,1355.0,1355.0,1335.0,1345.0,17035011000.0
2017-06-02,1325.0,1340.0,1325.0,1335.0,21493300000.0
2017-06-05,1415.0,1375.0,1335.0,1375.0,22129357000.0
2017-06-06,1425.0,1400.0,1360.0,1400.0,20184027000.0
2017-06-07,1340.0,1400.0,1365.0,1370.0,13382916000.0
2017-06-08,1330.0,1365.0,1350.0,1350.0,17220420000.0
2017-06-09,1390.0,1375.0,1345.0,1370.0,12412087000.0
2017-06-12,1350.0,1395.0,1355.0,1360.0,9566790000.0
2017-06-13,1370.0,1370.0,1350.0,1365.0,6952829000.0
2017-06-14,1335.0,1375.0,1340.0,1350.0,30348214000.0
2017-06-15,1330.0,1350.0,1335.0,1340.0,6534497300.0
2017-06-16,1390.0,1365.0,1350.0,1365.0,16894798000.0
2017-06-20,1285.0,1350.0,1320.0,1325.0,23411798000.0
2017-06-21,1325.0,1345.0,1320.0,1325.0,21167407000.0
2017-06-22,1375.0,1350.0,1325.0,1350.0,8070953000.0
2017-06-23,1330.0,1355.0,1335.0,1340.0,5765653000.0
2017-06-27,1340.0,1355.0,1340.0,1340.0,8641359000.0
2017-06-28,1340.0,1355.0,1340.0,1340.0,20834680000.0
2017-06-29,1380.0,1365.0,1345.0,1360.0,12883400000.0
2017-06-30,1400.0,1385.0,1365.0,1380.0,15305693000.0
2017-07-04,1410.0,1400.0,1385.0,1395.0,6868066300.0
2017-07-05,1335.0,1395.0,1365.0,1365.0,12012539000.0
2017-07-06,1395.0,1390.0,1375.0,1380.0,11265130000.0
2017-07-07,1330.0,1370.0,1350.0,1355.0,7747141000.0
2017-07-10,1355.0,1360.0,1350.0,1355.0,3041498000.0
2017-07-11,1385.0,1380.0,1350.0,1370.0,10590688000.0
2017-07-12,1410.0,1395.0,1380.0,1390.0,21088492000.0
2017-07-13,1400.0,1405.0,1390.0,1395.0,17787517000.0
2017-07-14,1405.0,1400.0,1385.0,1400.0,10563463000.0
2017-07-17,1380.0,1400.0,1385.0,1390.0,5978781000.0
2017-07-18,1370.0,1395.0,1380.0,1380.0,8254161000.0
2017-07-19,1400.0,1400.0,1385.0,1390.0,9663930000.0
2017-07-21,1360.0,1395.0,1365.0,1375.0,8193300500.0
2017-07-24,1375.0,1375.0,1365.0,1375.0,5761716700.0
2017-07-25,1415.0,1395.0,1375.0,1395.0,13595725000.0
2017-07-26,1375.0,1405.0,1385.0,1385.0,18365438000.0
2017-07-27,1405.0,1395.0,1380.0,1395.0,9148511000.0
2017-07-28,1395.0,1405.0,1390.0,1395.0,10934368000.0
2017-07-31,1395.0,1395.0,1385.0,1395.0,9569977000.0
2017-08-01,1335.0,1385.0,1365.0,1365.0,18129280000.0
2017-08-02,1385.0,1380.0,1360.0,1375.0,6302045000.0
2017-08-03,1395.0,1390.0,1375.0,1385.0,11943780000.0
2017-08-04,1385.0,1390.0,1375.0,1385.0,7677994500.0
2017-08-08,1345.0,1380.0,1365.0,1365.0,12588477000.0
2017-08-09,1415.0,1400.0,1375.0,1390.0,17036592000.0
2017-08-10,1370.0,1395.0,1370.0,1380.0,8804424000.0
2017-08-11,1350.0,1375.0,1365.0,1365.0,6594579000.0
2017-08-14,1365.0,1365.0,1360.0,1365.0,9448980000.0
2017-08-15,1345.0,1355.0,1350.0,1355.0,13237572000.0
2017-08-16,1355.0,1365.0,1350.0,1355.0,15865252000.0
2017-08-17,1375.0,1375.0,1350.0,1365.0,7522710500.0
2017-08-18,1375.0,1375.0,1360.0,1370.0,3573651700.0
2017-08-22,1370.0,1370.0,1360.0,1370.0,4892791300.0
2017-08-23,1390.0,1380.0,1360.0,1380.0,6874319000.0
2017-08-24,1360.0,1375.0,1365.0,1370.0,7493314000.0
2017-08-25,1350.0,1370.0,1360.0,1360.0,17995938000.0
2017-08-28,1340.0,1360.0,1340.0,1350.0,23003130000.0
2017-08-29,1360.0,1355.0,1340.0,1355.0,8663736000.0
2017-08-30,1345.0,1355.0,1345.0,1350.0,9121434000.0
2017-08-31,1390.0,1370.0,1350.0,1370.0,20232702000.0
2017-09-01,1370.0,1370.0,1355.0,1370.0,4258891800.0
2017-09-04,1370.0,1375.0,1365.0,1370.0,2302903000.0
2017-09-05,1370.0,1380.0,1360.0,1370.0,9291729000.0
2017-09-06,1380.0,1380.0,1370.0,1375.0,7218980400.0
2017-09-07,1365.0,1375.0,1370.0,1370.0,1586651000.0
2017-09-08,1350.0,1375.0,1350.0,1360.0,13366255000.0
2017-09-11,1350.0,1360.0,1345.0,1355.0,16022408000.0
2017-09-12,1355.0,1355.0,1345.0,1355.0,10658430000.0
2017-09-13,1365.0,1360.0,1350.0,1360.0,12720468000.0
2017-09-14,1370.0,1370.0,1360.0,1365.0,13008346000.0
2017-09-15,1375.0,1370.0,1360.0,1370.0,18113580000.0
2017-09-18,1370.0,1380.0,1365.0,1370.0,6945901600.0
2017-09-19,1370.0,1375.0,1365.0,1370.0,7704528000.0
2017-09-20,1390.0,1380.0,1370.0,1380.0,11093758000.0
2017-09-21,1390.0,1390.0,1375.0,1385.0,10708221000.0
2017-09-22,1375.0,1385.0,1375.0,1380.0,6112687600.0
2017-09-25,1400.0,1395.0,1385.0,1390.0,13562621000.0
2017-09-26,1400.0,1405.0,1390.0,1395.0,45030430000.0
2017-09-27,1415.0,1410.0,1400.0,1405.0,27958673000.0
2017-09-28,1385.0,1420.0,1395.0,1395.0,27659536000.0
2017-09-29,1405.0,1405.0,1390.0,1400.0,23005882000.0
2017-10-02,1390.0,1400.0,1380.0,1395.0,4572132000.0
2017-10-03,1415.0,1410.0,1395.0,1405.0,28914545000.0
2017-10-04,1395.0,1415.0,1395.0,1400.0,8537661000.0
2017-10-05,1410.0,1410.0,1395.0,1405.0,8008410600.0
2017-10-06,1395.0,1400.0,1390.0,1400.0,7039961600.0
2017-10-09,1400.0,1405.0,1390.0,1400.0,3402535400.0
2017-10-10,1420.0,1415.0,1400.0,1410.0,17565440000.0
2017-10-11,1420.0,1415.0,1405.0,1415.0,10331731000.0
2017-10-12,1405.0,1415.0,1405.0,1410.0,6988267000.0
2017-10-13,1450.0,1430.0,1415.0,1430.0,19871269000.0
2017-10-17,1490.0,1460.0,1430.0,1460.0,27376590000.0
2017-10-18,1470.0,1475.0,1455.0,1465.0,23501840000.0
2017-10-19,1455.0,1465.0,1455.0,1460.0,8550419000.0
2017-10-20,1430.0,1465.0,1445.0,1445.0,18402886000.0
2017-10-23,1455.0,1455.0,1440.0,1450.0,21055100000.0
2017-10-24,1480.0,1470.0,1450.0,1465.0,27689890000.0
2017-10-25,1515.0,1490.0,1470.0,1490.0,41585200000.0
2017-10-26,1640.0,1565.0,1490.0,1565.0,73389730000.0
2017-10-27,1655.0,1625.0,1560.0,1610.0,60221580000.0
2017-10-30,1720.0,1670.0,1625.0,1665.0,34780766000.0
2017-10-31,1665.0,1690.0,1660.0,1665.0,50338840000.0
2017-11-01,1805.0,1745.0,1685.0,1735.0,64227130000.0
2017-11-02,1665.0,1775.0,1695.0,1700.0,42451600000.0
2017-11-03,1700.0,1710.0,1675.0,1700.0,35340407000.0
2017-11-07,1940.0,1820.0,1715.0,1820.0,49851646000.0
2017-11-08,1690.0,1850.0,1750.0,1755.0,41877660000.0
2017-11-09,1885.0,1820.0,1735.0,1820.0,50582970000.0
2017-11-10,1800.0,1815.0,1780.0,1810.0,22116000000.0
2017-11-14,1720.0,1785.0,1765.0,1765.0,31364542000.0
2017-11-15,1735.0,1765.0,1730.0,1750.0,28974252000.0
2017-11-16,1750.0,1765.0,1745.0,1750.0,16156258000.0
2017-11-17,1750.0,1760.0,1745.0,1750.0,7791935500.0
2017-11-20,1730.0,1755.0,1700.0,1740.0,26385930000.0
2017-11-21,1740.0,1755.0,1730.0,1740.0,11101920000.0
2017-11-22,1810.0,1775.0,1745.0,1775.0,26315416000.0
2017-11-23,1775.0,1775.0,1765.0,1775.0,2810340900.0
2017-11-24,1745.0,1790.0,1750.0,1760.0,10148496000.0
2017-11-27,1800.0,1790.0,1725.0,1780.0,22625331000.0
2017-11-28,1690.0,1775.0,1735.0,1735.0,25805734000.0
2017-11-29,1805.0,1770.0,1735.0,1770.0,13675141000.0
2017-11-30,1730.0,1780.0,1750.0,1750.0,18387835000.0
2017-12-01,1800.0,1775.0,1755.0,1775.0,7641821700.0
2017-12-04,1785.0,1785.0,1760.0,1780.0,15552776000.0
2017-12-05,1800.0,1790.0,1765.0,1790.0,12919828000.0
2017-12-06,1760.0,1775.0,1755.0,1775.0,24918440000.0
2017-12-07,1785.0,1790.0,1770.0,1780.0,6730516500.0
2017-12-11,1990.0,1885.0,1790.0,1885.0,30131972000.0
2017-12-12,1935.0,1930.0,1855.0,1910.0,42024456000.0
2017-12-13,1960.0,1935.0,1900.0,1935.0,33129900000.0
2017-12-14,1965.0,1950.0,1910.0,1950.0,16794413000.0
2017-12-15,1920.0,1950.0,1920.0,1935.0,38245937000.0
2017-12-18,1945.0,1965.0,1935.0,1940.0,28273375000.0
2017-12-19,1960.0,1970.0,1935.0,1950.0,13554278000.0
2017-12-20,2050.0,2000.0,1960.0,2000.0,15353965000.0
2017-12-21,2030.0,2015.0,1995.0,2015.0,14960211000.0
2017-12-22,2035.0,2040.0,2010.0,2025.0,11129205000.0
2017-12-26,2125.0,2080.0,2010.0,2075.0,17995803000.0
2017-12-27,2145.0,2115.0,2075.0,2110.0,14710825000.0
2017-12-28,2310.0,2210.0,2100.0,2210.0,25199067000.0
2018-01-02,2310.0,2265.0,2175.0,2260.0,29328667000.0
2018-01-03,2440.0,2350.0,2255.0,2350.0,32598120000.0
2018-01-04,2570.0,2460.0,2340.0,2460.0,59576574000.0
2018-01-05,2540.0,2510.0,2400.0,2500.0,50409100000.0
2018-01-09,2610.0,2555.0,2460.0,2555.0,65537050000.0
2018-01-10,2515.0,2625.0,2535.0,2535.0,82444230000.0
2018-01-11,2315.0,2545.0,2420.0,2425.0,86025900000.0
2018-01-12,2325.0,2420.0,2335.0,2375.0,64382677000.0
2018-01-15,2295.0,2355.0,2315.0,2335.0,6878064000.0
2018-01-16,2505.0,2440.0,2315.0,2420.0,77353390000.0
2018-01-17,2510.0,2490.0,2410.0,2465.0,66210180000.0
2018-01-18,2485.0,2485.0,2425.0,2475.0,42436334000.0
2018-01-19,2455.0,2475.0,2440.0,2465.0,36750197000.0
2018-01-22,2715.0,2605.0,2465.0,2590.0,71881820000.0
2018-01-23,2820.0,2705.0,2595.0,2705.0,70579110000.0
2018-01-24,2895.0,2850.0,2700.0,2800.0,86613254000.0
2018-01-25,2690.0,2860.0,2690.0,2745.0,92217810000.0
2018-01-26,2775.0,2785.0,2725.0,2760.0,33233136000.0
2018-01-29,2790.0,2775.0,2720.0,2775.0,41689030000.0
2018-01-30,2625.0,2770.0,2680.0,2700.0,39515200000.0
2018-01-31,2620.0,2730.0,2655.0,2660.0,67889857000.0
2018-02-01,2880.0,2770.0,2655.0,2770.0,69724330000.0
2018-02-02,2560.0,2755.0,2650.0,2665.0,38945608000.0
2018-02-05,2305.0,2650.0,2465.0,2485.0,76588990000.0
2018-02-06,2515.0,2540.0,2340.0,2500.0,104541630000.0
2018-02-07,2360.0,2520.0,2420.0,2430.0,64937255000.0
2018-02-08,2240.0,2445.0,2335.0,2335.0,66522202000.0
2018-02-09,2555.0,2480.0,2315.0,2445.0,89112340000.0
2018-02-12,2395.0,2515.0,2420.0,2420.0,44746420000.0
2018-02-13,2350.0,2425.0,2365.0,2385.0,20309043000.0
2018-02-14,2615.0,2500.0,2350.0,2500.0,61833142000.0
2018-02-15,2480.0,2545.0,2455.0,2490.0,49596645000.0
2018-02-16,2480.0,2535.0,2455.0,2485.0,41366140000.0
2018-02-19,2475.0,2495.0,2475.0,2480.0,5606686000.0
2018-02-20,2490.0,2520.0,2465.0,2485.0,44037620000.0
2018-02-21,2465.0,2510.0,2465.0,2475.0,41284910000.0
2018-02-22,2655.0,2600.0,2485.0,2565.0,49314560000.0
2018-02-23,2685.0,2630.0,2570.0,2625.0,43954870000.0
2018-02-26,2685.0,2665.0,2620.0,2655.0,45212553000.0
2018-02-27,2605.0,2675.0,2620.0,2630.0,55401360000.0
2018-02-28,2390.0,2735.0,2505.0,2510.0,81896790000.0
2018-03-01,2450.0,2520.0,2435.0,2480.0,50196406000.0
2018-03-02,2480.0,2510.0,2440.0,2480.0,20217958000.0
2018-03-05,2540.0,2530.0,2480.0,2510.0,29772694000.0
2018-03-06,2500.0,2535.0,2505.0,2505.0,35387990000.0
2018-03-07,2395.0,2505.0,2450.0,2450.0,29238473000.0
2018-03-08,2500.0,2475.0,2415.0,2475.0,24540168000.0
2018-03-09,2535.0,2520.0,2475.0,2505.0,39531393000.0
2018-03-12,2455.0,2530.0,2465.0,2480.0,23127384000.0
2018-03-13,2530.0,2520.0,2480.0,2505.0,41428810000.0
2018-03-14,2505.0,2515.0,2495.0,2505.0,21282877000.0
2018-03-15,2565.0,2555.0,2500.0,2535.0,46276866000.0
2018-03-16,2645.0,2605.0,2530.0,2590.0,86511010000.0
2018-03-20,2750.0,2680.0,2600.0,2670.0,52301246000.0
2018-03-21,2830.0,2750.0,2675.0,2750.0,78140195000.0
2018-03-22,2490.0,2735.0,2615.0,2620.0,61374100000.0
2018-03-23,2780.0,2730.0,2630.0,2700.0,65152696000.0
2018-03-26,2850.0,2780.0,2675.0,2775.0,38951907000.0
2018-03-27,2515.0,2810.0,2635.0,2645.0,44075770000.0
2018-03-28,2585.0,2640.0,2580.0,2615.0,31305340000.0
2018-04-02,2765.0,2750.0,2645.0,2690.0,47603802000.0
2018-04-03,2770.0,2745.0,2690.0,2730.0,35649510000.0
2018-04-04,2750.0,2765.0,2665.0,2740.0,45710266000.0
2018-04-05,2740.0,2770.0,2740.0,2740.0,31798800000.0
2018-04-06,2720.0,2750.0,2690.0,2730.0,24003394000.0
2018-04-09,2760.0,2790.0,2725.0,2745.0,39486857000.0
2018-04-10,2835.0,2810.0,2775.0,2790.0,45307027000.0
2018-04-11,3170.0,2990.0,2780.0,2980.0,83502290000.0
2018-04-12,2930.0,3050.0,2885.0,2955.0,59773993000.0
2018-04-13,2715.0,2920.0,2820.0,2835.0,40728523000.0
2018-04-16,2685.0,2860.0,2760.0,2760.0,31126630000.0
2018-04-17,2980.0,2890.0,2755.0,2870.0,78217175000.0
2018-04-18,3000.0,3020.0,2880.0,2935.0,107536460000.0
2018-04-19,3125.0,3035.0,2940.0,3030.0,87630670000.0
2018-04-20,3030.0,3045.0,2980.0,3030.0,53897343000.0
2018-04-23,3140.0,3085.0,2990.0,3085.0,50942710000.0
2018-04-24,3035.0,3145.0,3030.0,3060.0,81065935000.0
2018-04-25,3030.0,3080.0,2945.0,3045.0,61271460000.0
2018-04-26,2975.0,3090.0,3010.0,3010.0,50600796000.0
2018-04-27,3130.0,3070.0,3000.0,3070.0,21864342000.0
2018-04-30,3130.0,3120.0,3035.0,3100.0,51389060000.0
2018-05-02,3110.0,3135.0,3055.0,3105.0,40203756000.0
2018-05-03,3085.0,3145.0,3075.0,3095.0,49806234000.0
2018-05-04,3095.0,3180.0,3095.0,3095.0,61355150000.0
2018-05-07,2965.0,3150.0,3020.0,3030.0,27658287000.0
2018-05-08,3140.0,3095.0,2955.0,3085.0,82918890000.0
2018-05-09,3235.0,3180.0,3100.0,3160.0,50940900000.0
2018-05-10,3040.0,3170.0,3095.0,3100.0,50214957000.0
2018-05-11,3170.0,3155.0,3085.0,3135.0,32142710000.0
2018-05-15,3445.0,3315.0,3145.0,3290.0,79737490000.0
2018-05-16,3120.0,3310.0,3185.0,3205.0,57823980000.0
2018-05-17,3135.0,3260.0,3170.0,3170.0,50802990000.0
2018-05-18,3130.0,3215.0,3150.0,3150.0,27123139000.0
2018-05-21,3100.0,3205.0,3115.0,3125.0,28300032000.0
2018-05-22,3095.0,3155.0,3100.0,3110.0,26788497000.0
2018-05-23,2940.0,3105.0,3025.0,3025.0,41855894000.0
2018-05-24,3125.0,3085.0,2955.0,3075.0,64050876000.0
2018-05-25,2835.0,3050.0,2930.0,2955.0,68394574000.0
2018-05-28,2845.0,2940.0,2855.0,2900.0,15782999000.0
2018-05-29,3160.0,3075.0,2890.0,3030.0,91716950000.0
2018-05-30,3210.0,3130.0,3020.0,3120.0,54960240000.0
2018-05-31,3060.0,3145.0,3090.0,3090.0,99354910000.0
2018-06-01,3130.0,3125.0,3070.0,3110.0,36771643000.0
2018-06-05,3050.0,3105.0,3040.0,3080.0,33113438000.0
2018-06-06,2950.0,3105.0,3005.0,3015.0,33666484000.0
2018-06-07,3105.0,3080.0,3015.0,3060.0,20264366000.0
2018-06-08,3030.0,3095.0,3035.0,3045.0,19002417000.0
2018-06-12,2965.0,3040.0,3000.0,3005.0,28924844000.0
2018-06-13,3015.0,3025.0,2955.0,3010.0,19251253000.0
2018-06-14,3000.0,3035.0,3000.0,3005.0,19923081000.0
2018-06-15,2915.0,2985.0,2950.0,2960.0,66821170000.0
2018-06-18,3010.0,3050.0,2970.0,2985.0,33135219000.0
2018-06-19,2825.0,2995.0,2905.0,2905.0,24779729000.0
2018-06-20,2845.0,2965.0,2875.0,2875.0,57916840000.0
2018-06-21,2815.0,2890.0,2830.0,2845.0,46491300000.0
2018-06-22,2915.0,2915.0,2880.0,2880.0,39430734000.0
2018-06-25,2760.0,2870.0,2820.0,2820.0,17111174000.0
2018-06-26,2950.0,2910.0,2800.0,2885.0,34379203000.0
2018-06-27,3055.0,2985.0,2910.0,2970.0,32745755000.0
2018-06-28,3000.0,3005.0,2950.0,2985.0,25541925000.0
2018-06-29,3065.0,3030.0,2985.0,3025.0,38223730000.0
2018-07-03,2835.0,3050.0,2930.0,2930.0,18625942000.0
2018-07-04,2930.0,2930.0,2900.0,2930.0,6940089000.0
2018-07-05,2860.0,2975.0,2885.0,2895.0,23443770000.0
2018-07-06,2975.0,2940.0,2850.0,2935.0,28050221000.0
2018-07-09,3065.0,3005.0,2910.0,3000.0,37273084000.0
2018-07-10,3040.0,3045.0,3000.0,3020.0,30756626000.0
2018-07-11,2890.0,3015.0,2940.0,2955.0,24314250000.0
2018-07-12,2935.0,2960.0,2925.0,2945.0,33738258000.0
2018-07-13,2985.0,2975.0,2930.0,2965.0,16752042000.0
2018-07-16,2915.0,2940.0,2880.0,2940.0,33451735000.0
2018-07-17,2980.0,2985.0,2920.0,2960.0,22862273000.0
2018-07-18,2970.0,2980.0,2925.0,2965.0,19942820000.0
2018-07-19,2935.0,2990.0,2945.0,2950.0,14897390000.0
2018-07-23,2990.0,2995.0,2960.0,2970.0,14092789000.0
2018-07-24,2960.0,2995.0,2965.0,2965.0,14838877000.0
2018-07-25,3035.0,3000.0,2955.0,3000.0,21902170000.0
2018-07-26,3010.0,3005.0,2965.0,3005.0,19028027000.0
2018-07-27,2965.0,3030.0,2970.0,2985.0,26781942000.0
2018-07-30,3175.0,3095.0,3000.0,3080.0,40508780000.0
2018-07-31,3060.0,3090.0,3025.0,3070.0,33923390000.0
2018-08-01,3180.0,3125.0,3035.0,3125.0,29891770000.0
2018-08-02,3135.0,3150.0,3090.0,3130.0,16479375000.0
2018-08-03,3060.0,3165.0,3060.0,3095.0,29596867000.0
2018-08-06,3185.0,3140.0,3080.0,3140.0,10741326000.0
2018-08-08,3210.0,3175.0,3070.0,3175.0,19951030000.0
2018-08-09,2885.0,3105.0,2995.0,3030.0,43775880000.0
2018-08-10,3110.0,3085.0,3005.0,3070.0,17582445000.0
2018-08-13,3050.0,3090.0,3050.0,3060.0,20020361000.0
2018-08-14,3140.0,3110.0,3060.0,3100.0,23690932000.0
2018-08-15,2900.0,3145.0,2985.0,3000.0,57205297000.0
2018-08-16,3130.0,3070.0,3000.0,3065.0,22321260000.0
2018-08-17,3125.0,3100.0,3070.0,3095.0,22762572000.0
2018-08-21,3185.0,3180.0,3100.0,3140.0,40051910000.0
2018-08-22,3300.0,3220.0,3160.0,3220.0,39769860000.0
2018-08-23,3260.0,3240.0,3190.0,3240.0,25017776000.0
2018-08-24,3300.0,3295.0,3245.0,3270.0,32557228000.0
2018-08-27,3340.0,3305.0,3255.0,3305.0,20928946000.0
2018-08-28,3355.0,3330.0,3290.0,3330.0,37468840000.0
2018-08-29,3440.0,3395.0,3335.0,3385.0,38657573000.0
2018-08-30,3505.0,3445.0,3380.0,3445.0,32465780000.0
2018-08-31,3395.0,3455.0,3415.0,3420.0,32638585000.0
2018-09-03,3370.0,3400.0,3355.0,3395.0,3563503600.0
2018-09-04,3515.0,3465.0,3400.0,3455.0,37412770000.0
2018-09-05,3405.0,3450.0,3390.0,3430.0,35820433000.0
2018-09-06,3350.0,3440.0,3380.0,3390.0,26607580000.0
2018-09-07,3430.0,3440.0,3350.0,3410.0,36146930000.0
2018-09-10,3410.0,3440.0,3400.0,3410.0,29749553000.0
2018-09-11,3550.0,3480.0,3410.0,3480.0,49087988000.0
2018-09-12,4160.0,3840.0,3490.0,3820.0,145890100000.0
2018-09-13,3710.0,3860.0,3680.0,3765.0,76747170000.0
2018-09-14,3815.0,3850.0,3735.0,3790.0,33024719000.0
2018-09-17,3950.0,3910.0,3770.0,3870.0,39329837000.0
2018-09-18,4010.0,4000.0,3890.0,3940.0,61257904000.0
2018-09-19,3760.0,3930.0,3795.0,3850.0,36404974000.0
2018-09-20,3580.0,3870.0,3705.0,3715.0,64815423000.0
2018-09-21,3645.0,3805.0,3680.0,3680.0,139723600000.0
2018-09-24,4120.0,3905.0,3705.0,3900.0,56451400000.0
2018-09-25,3960.0,3995.0,3910.0,3930.0,47180726000.0
2018-09-26,3920.0,3985.0,3870.0,3925.0,51901465000.0
2018-09-27,4035.0,3985.0,3940.0,3980.0,48777410000.0
2018-09-28,4080.0,4030.0,3940.0,4030.0,55628874000.0
2018-10-01,4270.0,4155.0,4030.0,4150.0,45088416000.0
2018-10-02,4060.0,4190.0,4045.0,4105.0,49777525000.0
2018-10-03,4215.0,4170.0,4060.0,4160.0,34877817000.0
2018-10-04,4000.0,4155.0,4075.0,4080.0,29358930000.0
2018-10-05,3950.0,4085.0,4000.0,4015.0,43027083000.0
2018-10-08,3965.0,4035.0,3955.0,3990.0,26545883000.0
2018-10-09,4170.0,4110.0,3990.0,4080.0,38692246000.0
2018-10-10,3950.0,4100.0,3985.0,4015.0,68300020000.0
2018-10-11,3785.0,4000.0,3885.0,3900.0,73973350000.0
2018-10-12,4000.0,4010.0,3915.0,3950.0,49226867000.0
2018-10-16,3990.0,3970.0,3840.0,3970.0,58196967000.0
2018-10-17,3960.0,4005.0,3885.0,3965.0,56426447000.0
2018-10-18,3885.0,3990.0,3900.0,3925.0,43503790000.0
2018-10-19,3975.0,3990.0,3925.0,3950.0,25229756000.0
2018-10-22,3970.0,3980.0,3925.0,3960.0,41259220000.0
2018-10-23,3730.0,3920.0,3800.0,3845.0,83104230000.0
2018-10-24,3525.0,3915.0,3685.0,3685.0,55339430000.0
2018-10-25,3725.0,3745.0,3670.0,3705.0,40687660000.0
2018-10-26,3805.0,3790.0,3650.0,3755.0,30922973000.0
2018-10-29,3625.0,3815.0,3665.0,3690.0,50214797000.0
2018-10-30,3810.0,3770.0,3635.0,3750.0,49451282000.0
2018-10-31,3730.0,3835.0,3740.0,3740.0,75310230000.0
2018-11-01,3190.0,3740.0,3455.0,3465.0,71590840000.0
2018-11-02,3395.0,3550.0,3380.0,3430.0,64962445000.0
2018-11-06,3450.0,3500.0,3380.0,3440.0,57091187000.0
2018-11-07,3520.0,3520.0,3415.0,3480.0,22161895000.0
2018-11-08,3370.0,3530.0,3400.0,3425.0,22978548000.0
2018-11-09,3455.0,3500.0,3350.0,3440.0,42799800000.0
2018-11-13,3040.0,3395.0,3220.0,3240.0,56040420000.0
2018-11-14,3260.0,3330.0,3215.0,3250.0,20259682000.0
2018-11-15,3310.0,3290.0,3230.0,3280.0,25053166000.0
2018-11-16,3270.0,3330.0,3255.0,3275.0,31561769000.0
2018-11-19,3105.0,3255.0,3170.0,3190.0,32794479000.0
2018-11-20,2930.0,3170.0,3010.0,3060.0,60298236000.0
2018-11-21,3240.0,3150.0,3070.0,3150.0,46574326000.0
2018-11-22,3130.0,3140.0,3075.0,3140.0,2906115300.0
2018-11-23,2900.0,3080.0,2990.0,3020.0,19295375000.0
2018-11-26,3130.0,3090.0,3030.0,3075.0,28536938000.0
2018-11-27,3205.0,3150.0,3045.0,3140.0,25812707000.0
2018-11-28,3090.0,3135.0,3035.0,3115.0,26516600000.0
2018-11-29,3105.0,3140.0,3090.0,3110.0,16338578000.0
2018-11-30,3100.0,3140.0,3050.0,3105.0,41659250000.0
2018-12-03,3475.0,3300.0,3160.0,3290.0,32652016000.0
2018-12-04,3030.0,3300.0,3120.0,3160.0,44490930000.0
2018-12-05,3280.0,3220.0,3135.0,3220.0,6336848400.0
2018-12-06,2980.0,3160.0,3030.0,3100.0,50926342000.0
2018-12-07,3100.0,3200.0,3090.0,3100.0,21305444000.0
2018-12-10,2940.0,3070.0,3000.0,3020.0,19056140000.0
2018-12-11,2940.0,3090.0,2950.0,2980.0,29135444000.0
2018-12-12,3050.0,3085.0,3000.0,3015.0,41271820000.0
2018-12-13,2905.0,3060.0,2955.0,2960.0,29607688000.0
2018-12-14,2920.0,2960.0,2910.0,2940.0,12341220000.0
2018-12-17,2810.0,2920.0,2850.0,2875.0,16997787000.0
2018-12-18,2795.0,2850.0,2810.0,2835.0,19923687000.0
2018-12-19,2795.0,2870.0,2795.0,2815.0,16029948000.0
2018-12-20,2415.0,2790.0,2615.0,2615.0,16045152000.0
2018-12-21,2715.0,2715.0,2580.0,2665.0,28635097000.0
2018-12-24,2435.0,2640.0,2550.0,2550.0,2271804000.0
2018-12-26,2890.0,2720.0,2520.0,2720.0,5114182700.0
2018-12-27,2710.0,2730.0,2635.0,2715.0,3356459000.0
2018-12-28,2575.0,2725.0,2645.0,2645.0,3264914000.0
2019-01-02,2655.0,2680.0,2540.0,2650.0,8555210000.0
2019-01-03,2870.0,2760.0,2645.0,2760.0,9652423000.0
2019-01-04,2840.0,2810.0,2740.0,2800.0,17425117000.0
2019-01-08,2980.0,2890.0,2815.0,2890.0,29830670000.0
2019-01-09,2980.0,2965.0,2895.0,2935.0,56446180000.0
2019-01-10,2935.0,2935.0,2865.0,2935.0,23330075000.0
2019-01-11,2865.0,2920.0,2880.0,2900.0,18336735000.0
2019-01-14,2920.0,2910.0,2850.0,2910.0,19152482000.0
2019-01-15,2950.0,2950.0,2890.0,2930.0,21143312000.0
2019-01-16,2930.0,2945.0,2910.0,2930.0,12764677000.0
2019-01-17,2890.0,2920.0,2880.0,2910.0,24186474000.0
2019-01-18,2880.0,2925.0,2890.0,2895.0,22732235000.0
2019-01-21,2905.0,2930.0,2880.0,2900.0,3039888100.0
2019-01-22,2900.0,2900.0,2845.0,2900.0,34851488000.0
2019-01-23,2750.0,2900.0,2825.0,2825.0,35333714000.0
2019-01-24,2845.0,2860.0,2815.0,2835.0,21759478000.0
2019-01-25,2885.0,2860.0,2830.0,2860.0,14081222000.0
2019-01-28,2770.0,2850.0,2755.0,2815.0,34933160000.0
2019-01-29,2885.0,2870.0,2835.0,2850.0,11307678000.0
2019-01-30,2980.0,2925.0,2845.0,2915.0,28446851000.0
2019-01-31,2925.0,2970.0,2905.0,2920.0,57011704000.0
2019-02-01,2950.0,2935.0,2895.0,2935.0,25509839000.0
2019-02-04,2905.0,2920.0,2870.0,2920.0,22006080000.0
2019-02-05,2980.0,2970.0,2890.0,2950.0,25428107000.0
2019-02-06,2890.0,2945.0,2895.0,2920.0,20793012000.0
2019-02-07,2810.0,2910.0,2865.0,2865.0,17590860000.0
2019-02-08,2865.0,2875.0,2845.0,2865.0,11908094000.0
2019-02-11,2815.0,2865.0,2825.0,2840.0,8534133000.0
2019-02-12,3010.0,2930.0,2885.0,2925.0,27374465000.0
2019-02-13,2985.0,2970.0,2940.0,2955.0,26460584000.0
2019-02-14,2975.0,2985.0,2935.0,2965.0,34961904000.0
2019-02-15,3145.0,3055.0,2985.0,3055.0,46209065000.0
2019-02-18,3075.0,3095.0,3020.0,3065.0,12857925000.0
2019-02-19,3035.0,3060.0,3035.0,3050.0,36905087000.0
2019-02-20,3120.0,3095.0,3030.0,3085.0,31662772000.0
2019-02-21,3035.0,3090.0,3050.0,3060.0,28684600000.0
2019-02-22,3100.0,3105.0,3060.0,3080.0,22569497000.0
2019-02-25,3210.0,3150.0,3045.0,3145.0,29445405000.0
2019-02-26,3245.0,3240.0,3140.0,3195.0,35964560000.0
2019-02-27,3265.0,3280.0,3200.0,3230.0,53751480000.0
2019-02-28,3010.0,3250.0,3110.0,3120.0,55142568000.0
2019-03-01,3210.0,3175.0,3100.0,3165.0,24147667000.0
2019-03-04,3255.0,3215.0,3170.0,3210.0,15287538000.0
2019-03-05,3220.0,3240.0,3210.0,3215.0,16654001000.0
2019-03-06,3175.0,3260.0,3180.0,3195.0,31817759000.0
2019-03-07,3155.0,3205.0,3165.0,3175.0,20268225000.0
2019-03-08,3095.0,3170.0,3080.0,3135.0,28461754000.0
2019-03-11,3265.0,3215.0,3145.0,3200.0,18319050000.0
2019-03-12,3260.0,3250.0,3200.0,3230.0,17356702000.0
2019-03-13,3430.0,3340.0,3240.0,3330.0,46996128000.0
2019-03-14,3310.0,3380.0,3300.0,3320.0,31060360000.0
2019-03-15,3480.0,3400.0,3270.0,3400.0,78302830000.0
2019-03-18,3490.0,3455.0,3350.0,3445.0,21788107000.0
2019-03-19,3495.0,3510.0,3445.0,3470.0,36641042000.0
2019-03-20,3630.0,3550.0,3440.0,3550.0,40858790000.0
2019-03-21,3580.0,3570.0,3510.0,3565.0,18557942000.0
2019-03-22,3295.0,3525.0,3415.0,3430.0,22998653000.0
2019-03-26,3510.0,3525.0,3450.0,3470.0,32632472000.0
2019-03-27,3270.0,3510.0,3370.0,3370.0,47590707000.0
2019-03-28,3370.0,3405.0,3345.0,3370.0,25940146000.0
2019-03-29,3460.0,3430.0,3375.0,3415.0,31991056000.0
2019-04-01,3505.0,3460.0,3415.0,3460.0,19719633000.0
2019-04-02,3420.0,3460.0,3430.0,3440.0,20329443000.0
2019-04-03,3380.0,3465.0,3410.0,3410.0,55953680000.0
2019-04-04,3290.0,3430.0,3350.0,3350.0,25059380000.0
2019-04-05,3370.0,3400.0,3350.0,3360.0,24003766000.0
2019-04-08,3490.0,3425.0,3350.0,3425.0,35473020000.0
2019-04-09,3335.0,3415.0,3355.0,3380.0,28718666000.0
2019-04-10,3430.0,3405.0,3370.0,3405.0,18533941000.0
2019-04-11,3235.0,3385.0,3315.0,3320.0,36286857000.0
2019-04-12,3230.0,3350.0,3260.0,3275.0,35902296000.0
2019-04-15,3185.0,3280.0,3230.0,3230.0,31499665000.0
2019-04-16,3360.0,3295.0,3220.0,3295.0,16523184000.0
2019-04-17,2765.0,3180.0,3030.0,3030.0,18071270000.0
2019-04-22,3160.0,3115.0,3040.0,3095.0,25637825000.0
2019-04-23,3115.0,3125.0,3065.0,3105.0,23389400000.0
2019-04-24,3045.0,3105.0,3015.0,3075.0,34503540000.0
2019-04-25,3075.0,3080.0,3055.0,3075.0,27471260000.0
2019-04-26,2935.0,3060.0,3000.0,3005.0,34401280000.0
2019-04-29,3035.0,3020.0,2965.0,3020.0,19349990000.0
2019-04-30,2950.0,3050.0,2985.0,2985.0,31477402000.0
2019-05-02,2905.0,2975.0,2880.0,2945.0,18035055000.0
2019-05-03,2905.0,2975.0,2925.0,2925.0,19268612000.0
2019-05-06,2905.0,2925.0,2880.0,2915.0,33016044000.0
2019-05-07,2855.0,2970.0,2880.0,2885.0,39493734000.0
2019-05-08,3055.0,2980.0,2885.0,2970.0,25892225000.0
2019-05-09,3110.0,3055.0,2945.0,3040.0,32287818000.0
2019-05-10,3100.0,3075.0,2985.0,3070.0,32768616000.0
2019-05-13,2970.0,3100.0,3015.0,3020.0,31573390000.0
2019-05-14,2990.0,3055.0,3005.0,3005.0,20520243000.0
2019-05-15,3055.0,3045.0,2985.0,3030.0,19080442000.0
2019-05-16,3120.0,3120.0,3030.0,3075.0,33572794000.0
2019-05-17,3065.0,3120.0,3060.0,3070.0,32508020000.0
2019-05-20,3020.0,3105.0,3040.0,3045.0,25559589000.0
2019-05-21,3145.0,3095.0,3045.0,3095.0,6715668000.0
2019-05-22,2985.0,3095.0,3040.0,3040.0,31744512000.0
2019-05-23,2840.0,3020.0,2925.0,2940.0,14092782000.0
2019-05-24,3060.0,3010.0,2945.0,3000.0,27903920000.0
2019-05-27,2900.0,2980.0,2900.0,2950.0,7046014500.0
2019-05-28,2680.0,2945.0,2805.0,2815.0,83424760000.0
2019-05-29,2925.0,2870.0,2740.0,2870.0,19932756000.0
2019-05-30,2750.0,2885.0,2800.0,2810.0,20510718000.0
2019-05-31,2720.0,2810.0,2745.0,2765.0,16458699000.0
2019-06-04,2875.0,2835.0,2785.0,2820.0,19062340000.0
2019-06-05,2690.0,2815.0,2740.0,2755.0,18517502000.0
2019-06-06,2785.0,2795.0,2750.0,2770.0,11103337000.0
2019-06-07,2980.0,2875.0,2775.0,2875.0,23093180000.0
2019-06-10,2755.0,2890.0,2815.0,2815.0,24684580000.0
2019-06-11,2785.0,2855.0,2800.0,2800.0,15246906000.0
2019-06-12,2650.0,2780.0,2725.0,2725.0,16717396000.0
2019-06-13,2805.0,2790.0,2745.0,2765.0,15455492000.0
2019-06-14,2815.0,2790.0,2745.0,2790.0,14284727000.0
2019-06-17,2850.0,2820.0,2775.0,2820.0,12957532000.0
2019-06-18,2920.0,2885.0,2830.0,2870.0,21377487000.0
2019-06-19,2990.0,2950.0,2855.0,2930.0,35675746000.0
2019-06-20,3030.0,3030.0,2930.0,2980.0,49300630000.0
2019-06-21,3060.0,3020.0,2975.0,3020.0,65523077000.0
2019-06-25,2950.0,3030.0,2970.0,2985.0,12466035000.0
2019-06-26,2985.0,3030.0,2985.0,2985.0,10828444000.0
2019-06-27,2905.0,3000.0,2945.0,2945.0,6177520600.0
2019-06-28,2895.0,2955.0,2920.0,2920.0,12706911000.0
2019-07-02,2930.0,2965.0,2895.0,2925.0,14662456000.0
2019-07-03,3095.0,3010.0,2920.0,3010.0,18802920000.0
2019-07-04,3010.0,3010.0,2995.0,3010.0,1601114800.0
2019-07-05,3030.0,3020.0,2970.0,3020.0,17614995000.0
2019-07-08,3010.0,3025.0,3000.0,3015.0,9360513000.0
2019-07-09,3025.0,3020.0,2975.0,3020.0,11384750000.0
2019-07-10,3160.0,3090.0,3030.0,3090.0,33899295000.0
2019-07-11,3050.0,3110.0,3060.0,3070.0,29263452000.0
2019-07-12,3070.0,3075.0,3040.0,3070.0,13271687000.0
2019-07-15,3000.0,3080.0,3030.0,3035.0,24411760000.0
2019-07-16,3015.0,3060.0,3020.0,3025.0,39368030000.0
2019-07-17,2975.0,3060.0,2995.0,3000.0,26071368000.0
2019-07-18,2930.0,3020.0,2935.0,2965.0,34222160000.0
2019-07-19,3055.0,3010.0,2960.0,3010.0,17724735000.0
2019-07-22,3050.0,3045.0,3010.0,3030.0,29239525000.0
2019-07-23,3000.0,3030.0,2995.0,3015.0,25345580000.0
2019-07-24,2985.0,3030.0,2995.0,3000.0,15247092000.0
2019-07-25,3000.0,3015.0,2980.0,3000.0,43958694000.0
2019-07-26,2960.0,3010.0,2980.0,2980.0,16726815000.0
2019-07-29,2980.0,2985.0,2950.0,2980.0,22523042000.0
2019-07-30,2950.0,2995.0,2960.0,2965.0,19158960000.0
2019-07-31,2915.0,2990.0,2940.0,2940.0,40081113000.0
2019-08-01,2910.0,2985.0,2900.0,2925.0,32762726000.0
2019-08-02,2875.0,2940.0,2900.0,2900.0,30455777000.0
2019-08-05,2820.0,2900.0,2835.0,2860.0,22590384000.0
2019-08-06,2800.0,2870.0,2830.0,2830.0,23415620000.0
2019-08-08,2820.0,2870.0,2790.0,2825.0,27779529000.0
2019-08-09,2845.0,2870.0,2830.0,2835.0,19423770000.0
2019-08-12,2765.0,2835.0,2780.0,2800.0,11966137000.0
2019-08-13,2910.0,2865.0,2800.0,2855.0,27824351000.0
2019-08-14,2645.0,2865.0,2750.0,2750.0,31773330000.0
2019-08-15,2700.0,2745.0,2690.0,2725.0,29837408000.0
2019-08-16,2775.0,2765.0,2725.0,2750.0,24156252000.0
2019-08-20,2730.0,2765.0,2725.0,2740.0,18302489000.0
2019-08-21,2760.0,2795.0,2750.0,2750.0,31199950000.0
2019-08-22,2640.0,2755.0,2650.0,2695.0,30944053000.0
2019-08-23,2535.0,2690.0,2615.0,2615.0,21952772000.0
2019-08-26,2725.0,2680.0,2630.0,2670.0,12812027000.0
2019-08-27,2640.0,2710.0,2630.0,2655.0,39364500000.0
2019-08-28,2675.0,2700.0,2660.0,2665.0,5812848000.0
2019-08-29,2695.0,2700.0,2655.0,2680.0,27868029000.0
2019-08-30,2800.0,2740.0,2665.0,2740.0,39642370000.0
2019-09-02,2730.0,2740.0,2710.0,2735.0,1987809500.0
2019-09-03,2705.0,2770.0,2655.0,2720.0,12294316000.0
2019-09-04,2780.0,2755.0,2735.0,2750.0,22357504000.0
2019-09-05,2870.0,2825.0,2760.0,2810.0,31030483000.0
2019-09-06,2850.0,2830.0,2775.0,2830.0,13309399000.0
2019-09-09,2900.0,2865.0,2840.0,2865.0,14897844000.0
2019-09-10,2905.0,2930.0,2875.0,2885.0,46743925000.0
2019-09-11,2915.0,2910.0,2850.0,2900.0,31270148000.0
2019-09-12,2990.0,2955.0,2850.0,2945.0,38845673000.0
2019-09-13,2855.0,2960.0,2895.0,2900.0,32109758000.0
2019-09-16,3100.0,3050.0,2970.0,3000.0,78403970000.0
2019-09-17,3000.0,3030.0,2965.0,3000.0,64370094000.0
2019-09-18,3040.0,3030.0,2970.0,3020.0,32513634000.0
2019-09-19,2960.0,3010.0,2970.0,2990.0,18497944000.0
2019-09-20,3030.0,3010.0,2985.0,3010.0,53858750000.0
2019-09-23,2990.0,3010.0,2980.0,3000.0,13657192000.0
2019-09-24,2960.0,3000.0,2960.0,2980.0,17569395000.0
2019-09-25,2980.0,2980.0,2910.0,2980.0,13700138000.0
2019-09-26,3000.0,3005.0,2945.0,2990.0,16502258000.0
2019-09-27,2990.0,3010.0,2970.0,2990.0,21432267000.0
2019-09-30,2910.0,2985.0,2950.0,2950.0,14028279000.0
2019-10-01,2930.0,2985.0,2915.0,2940.0,15193442000.0
2019-10-02,2840.0,2920.0,2880.0,2890.0,29256790000.0
2019-10-03,3000.0,2945.0,2870.0,2945.0,12949624000.0
2019-10-04,2935.0,2975.0,2920.0,2940.0,17360101000.0
2019-10-07,2970.0,2970.0,2940.0,2955.0,5486562300.0
2019-10-08,2865.0,2950.0,2905.0,2910.0,12787583000.0
2019-10-09,2940.0,2935.0,2895.0,2925.0,4559425500.0
2019-10-10,2975.0,2965.0,2925.0,2950.0,7508876000.0
2019-10-11,3040.0,3015.0,2940.0,2995.0,18085478000.0
2019-10-15,2995.0,3020.0,2985.0,2995.0,19291867000.0
2019-10-16,2955.0,3020.0,2975.0,2975.0,14560659000.0
2019-10-17,2955.0,3005.0,2955.0,2965.0,21425619000.0
2019-10-18,2865.0,2995.0,2910.0,2915.0,23147827000.0
2019-10-21,2935.0,2925.0,2875.0,2925.0,12923935000.0
2019-10-22,3075.0,3000.0,2905.0,3000.0,19231074000.0
2019-10-23,3060.0,3030.0,2955.0,3030.0,18414137000.0
2019-10-24,3050.0,3040.0,3005.0,3040.0,10940488000.0
2019-10-25,3050.0,3050.0,3015.0,3045.0,22442789000.0
2019-10-28,3035.0,3075.0,3040.0,3040.0,13675849000.0
2019-10-29,3100.0,3070.0,3010.0,3070.0,20634126000.0
2019-10-30,3030.0,3090.0,3045.0,3050.0,15076176000.0
2019-10-31,3030.0,3070.0,3020.0,3040.0,30922265000.0
2019-11-01,3140.0,3090.0,3040.0,3090.0,15023949000.0
2019-11-05,3230.0,3160.0,3095.0,3160.0,25591763000.0
2019-11-06,3100.0,3180.0,3120.0,3130.0,19528960000.0
2019-11-07,3130.0,3160.0,3110.0,3130.0,12840777000.0
2019-11-08,3130.0,3155.0,3110.0,3130.0,30996632000.0
2019-11-12,3070.0,3190.0,3100.0,3100.0,24675674000.0
2019-11-13,3140.0,3130.0,3035.0,3120.0,23805786000.0
2019-11-14,3130.0,3165.0,3110.0,3125.0,10879299000.0
2019-11-15,3165.0,3175.0,3125.0,3145.0,21571234000.0
2019-11-18,3115.0,3130.0,3095.0,3130.0,7209926700.0
2019-11-19,3070.0,3100.0,3070.0,3100.0,14134612000.0
2019-11-20,3160.0,3135.0,3070.0,3130.0,16433541000.0
2019-11-21,3160.0,3145.0,3100.0,3145.0,11818702000.0
2019-11-22,3195.0,3170.0,3120.0,3170.0,11475479000.0
2019-11-25,3150.0,3185.0,3140.0,3160.0,13177156000.0
2019-11-26,3160.0,3175.0,3120.0,3160.0,78737650000.0
2019-11-27,3250.0,3210.0,3145.0,3205.0,14608116000.0
2019-11-28,3235.0,3220.0,3190.0,3220.0,6343891000.0
2019-11-29,3360.0,3290.0,3220.0,3290.0,35988150000.0
2019-12-02,3170.0,3290.0,3200.0,3230.0,16231936000.0
2019-12-03,3170.0,3230.0,3175.0,3200.0,24298844000.0
2019-12-04,3460.0,3330.0,3200.0,3330.0,40930652000.0
2019-12-05,3230.0,3340.0,3255.0,3280.0,23059255000.0
2019-12-06,3320.0,3330.0,3260.0,3300.0,13611364000.0
2019-12-09,3260.0,3315.0,3265.0,3280.0,9699457000.0
2019-12-10,3240.0,3310.0,3260.0,3260.0,7294671000.0
2019-12-11,3280.0,3275.0,3245.0,3270.0,19736179000.0
2019-12-12,3340.0,3315.0,3265.0,3305.0,13393188000.0
2019-12-13,3345.0,3340.0,3305.0,3325.0,17012653000.0
2019-12-16,3345.0,3345.0,3320.0,3335.0,17062950000.0
2019-12-17,3215.0,3330.0,3240.0,3275.0,12717364000.0
2019-12-18,3245.0,3265.0,3230.0,3260.0,29334518000.0
2019-12-19,3340.0,3300.0,3260.0,3300.0,8340209700.0
2019-12-20,3340.0,3320.0,3275.0,3320.0,49695896000.0
2019-12-23,3380.0,3350.0,3300.0,3350.0,8792841000.0
2019-12-24,3290.0,3370.0,3320.0,3320.0,2386944000.0
2019-12-26,3370.0,3355.0,3300.0,3345.0,3805585700.0
2019-12-27,3335.0,3360.0,3330.0,3340.0,5286205000.0
2019-12-30,3290.0,3365.0,3315.0,3315.0,5760071000.0
